company_id,year,free_cash_flow,cfo_quality,cfo_quality_label,capex_intensity,capex_label,fcf_conversion,cfo_sign,cfi_sign,cff_sign,pattern_label
ABB,Dec 2012,42.0,0.7,Moderate,3.57,Moderate,20.79,+,-,-,Reinvestor
ABB,Mar 2014,0.0,0.0,Accrual Risk,0.0,Asset Light,0.0,+,+,+,Cash Accumulator
ABB,Mar 2015,-1899.0,-0.15,Accrual Risk,81.43,Capital Intensive,-608.65,-,-,+,Mixed
ABB,Mar 2016,728.0,6.05,High Quality,31.22,Capital Intensive,199.45,+,-,-,Reinvestor
ABB,Mar 2017,459.0,7.9,High Quality,59.59,Capital Intensive,115.33,+,-,-,Reinvestor
ABB,Mar 2018,-994.0,5.48,High Quality,96.79,Capital Intensive,-189.33,+,-,+,Growth Funded by Debt
ABB,Mar 2019,-459.0,5.76,High Quality,82.9,Capital Intensive,-75.87,+,-,+,Growth Funded by Debt
ABB,Mar 2020,-206.0,9.17,High Quality,137.87,Capital Intensive,-27.21,+,-,+,Growth Funded by Debt
ABB,Mar 2021,-225.0,5.48,High Quality,93.02,Capital Intensive,-24.4,+,-,-,Reinvestor
ABB,Mar 2022,161.0,5.13,High Quality,80.11,Capital Intensive,14.88,+,-,-,Reinvestor
ABB,Mar 2023,-922.0,3.98,High Quality,87.85,Capital Intensive,-76.45,+,-,+,Growth Funded by Debt
ABB,Mar 2024,1095.0,5.03,High Quality,84.51,Capital Intensive,75.36,+,-,-,Reinvestor
ADANIENSOL,Mar 2014,0.0,,NA,,NA,,+,+,+,Cash Accumulator
ADANIENSOL,Mar 2015,-1899.0,5.0,High Quality,1422.9,Capital Intensive,-1880.2,-,-,+,Mixed
ADANIENSOL,Mar 2016,728.0,4.2,High Quality,37.19,Capital Intensive,37.78,+,-,-,Reinvestor
ADANIENSOL,Mar 2017,459.0,5.26,High Quality,60.15,Capital Intensive,23.15,+,-,-,Reinvestor
ADANIENSOL,Mar 2018,-994.0,1.92,High Quality,80.93,Capital Intensive,-35.17,+,-,+,Growth Funded by Debt
ADANIENSOL,Mar 2019,-459.0,4.64,High Quality,41.75,Capital Intensive,-16.52,+,-,+,Growth Funded by Debt
ADANIENSOL,Mar 2020,-206.0,7.7,High Quality,49.43,Capital Intensive,-4.84,+,-,+,Growth Funded by Debt
ADANIENSOL,Mar 2021,-225.0,2.93,High Quality,40.39,Capital Intensive,-5.7,+,-,-,Reinvestor
ADANIENSOL,Mar 2022,161.0,3.31,High Quality,34.96,Capital Intensive,3.83,+,-,-,Reinvestor
ADANIENSOL,Mar 2023,-922.0,2.95,High Quality,35.35,Capital Intensive,-20.41,+,-,+,Growth Funded by Debt
ADANIENSOL,Mar 2024,1095.0,5.05,High Quality,29.76,Capital Intensive,19.17,+,-,-,Reinvestor
ADANIENT,Mar 2013,-7124.0,6.29,High Quality,31.89,Capital Intensive,-118.32,+,-,+,Growth Funded by Debt
ADANIENT,Mar 2014,221.0,3.11,High Quality,14.57,Capital Intensive,2.36,+,-,-,Reinvestor
ADANIENT,Mar 2015,-2933.0,3.71,High Quality,17.78,Capital Intensive,-23.56,+,-,+,Growth Funded by Debt
ADANIENT,Mar 2016,3287.0,5.11,High Quality,5.37,Moderate,195.19,+,-,-,Reinvestor
ADANIENT,Mar 2017,-686.0,0.84,Moderate,4.0,Moderate,-36.07,+,-,+,Growth Funded by Debt
ADANIENT,Mar 2018,-4707.0,4.95,High Quality,21.29,Capital Intensive,-230.96,+,-,+,Growth Funded by Debt
ADANIENT,Mar 2019,5723.0,6.4,High Quality,6.16,Moderate,290.66,+,+,-,Liquidating Assets
ADANIENT,Mar 2020,1372.0,2.36,High Quality,2.49,Asset Light,59.81,+,-,-,Reinvestor
ADANIENT,Mar 2021,-4568.0,3.87,High Quality,21.78,Capital Intensive,-182.28,+,-,+,Growth Funded by Debt
ADANIENT,Mar 2022,-15656.0,1.76,High Quality,24.55,Capital Intensive,-421.54,+,-,+,Growth Funded by Debt
ADANIENT,Mar 2023,2167.0,7.28,High Quality,12.12,Capital Intensive,24.57,+,-,-,Reinvestor
ADANIENT,Mar 2024,-8455.0,3.09,High Quality,19.46,Capital Intensive,-74.32,+,-,+,Growth Funded by Debt
ADANIGREEN,Mar 2017,-1483.0,-0.6,Accrual Risk,301.0,Capital Intensive,-367.99,+,-,+,Growth Funded by Debt
ADANIGREEN,Mar 2018,-3779.0,-4.7,Accrual Risk,299.19,Capital Intensive,-448.28,+,-,+,Growth Funded by Debt
ADANIGREEN,Mar 2019,-1041.0,-3.42,Accrual Risk,129.54,Capital Intensive,-68.22,+,-,+,Growth Funded by Debt
ADANIGREEN,Mar 2020,-1778.0,-28.9,Accrual Risk,146.84,Capital Intensive,-122.62,+,-,+,Growth Funded by Debt
ADANIGREEN,Mar 2021,-7536.0,8.8,High Quality,292.48,Capital Intensive,-336.28,+,-,+,Growth Funded by Debt
ADANIGREEN,Mar 2022,-15603.0,6.39,High Quality,364.89,Capital Intensive,-444.28,+,-,+,Growth Funded by Debt
ADANIGREEN,Mar 2023,3408.0,7.47,High Quality,49.6,Capital Intensive,68.57,+,-,-,Reinvestor
ADANIGREEN,Mar 2024,-13347.0,6.12,High Quality,228.42,Capital Intensive,-182.39,+,-,+,Growth Funded by Debt
ADANIPORTS,Mar 2013,-3757.0,0.84,Moderate,143.58,Capital Intensive,-157.72,+,-,+,Growth Funded by Debt
ADANIPORTS,Mar 2014,-1378.0,0.65,Moderate,51.97,Capital Intensive,-47.21,+,-,+,Growth Funded by Debt
ADANIPORTS,Mar 2015,572.0,1.32,High Quality,40.39,Capital Intensive,14.66,+,-,-,Reinvestor
ADANIPORTS,Mar 2016,-1772.0,0.83,Moderate,58.42,Capital Intensive,-38.72,+,-,+,Growth Funded by Debt
ADANIPORTS,Mar 2017,1434.0,1.04,High Quality,31.15,Capital Intensive,26.47,+,-,-,Reinvestor
ADANIPORTS,Mar 2018,1762.0,1.52,High Quality,33.97,Capital Intensive,24.62,+,-,-,Reinvestor
ADANIPORTS,Mar 2019,1661.0,1.49,High Quality,39.98,Capital Intensive,25.18,+,-,+,Growth Funded by Debt
ADANIPORTS,Mar 2020,6653.0,1.96,High Quality,6.31,Moderate,111.87,+,-,-,Reinvestor
ADANIPORTS,Mar 2021,-6508.0,1.5,High Quality,112.06,Capital Intensive,-74.91,+,-,+,Growth Funded by Debt
ADANIPORTS,Mar 2022,4927.0,2.1,High Quality,32.09,Capital Intensive,51.71,+,-,-,Reinvestor
ADANIPORTS,Mar 2023,-4816.0,2.21,High Quality,80.16,Capital Intensive,-43.99,+,-,-,Reinvestor
ADANIPORTS,Mar 2024,8250.0,1.85,High Quality,25.34,Capital Intensive,52.92,+,-,-,Reinvestor
ADANIPOWER,Mar 2013,-1063.0,-1.31,Accrual Risk,60.73,Capital Intensive,-110.73,+,-,+,Growth Funded by Debt
ADANIPOWER,Mar 2014,-1462.0,-11.13,Accrual Risk,30.66,Capital Intensive,-31.83,+,-,+,Growth Funded by Debt
ADANIPOWER,Mar 2015,1087.0,-7.14,Accrual Risk,25.35,Capital Intensive,23.24,+,-,-,Reinvestor
ADANIPOWER,Mar 2016,2565.0,9.54,High Quality,10.61,Capital Intensive,29.14,+,-,-,Reinvestor
ADANIPOWER,Mar 2017,3513.0,-0.77,Accrual Risk,5.36,Moderate,58.75,+,-,-,Reinvestor
ADANIPOWER,Mar 2018,4581.0,-2.43,Accrual Risk,2.56,Asset Light,84.27,+,-,-,Reinvestor
ADANIPOWER,Mar 2019,4626.0,-5.7,Accrual Risk,4.12,Moderate,92.84,+,-,-,Reinvestor
ADANIPOWER,Mar 2020,3294.0,-2.46,Accrual Risk,8.7,Capital Intensive,57.45,+,-,-,Reinvestor
ADANIPOWER,Mar 2021,4826.0,5.52,High Quality,8.34,Capital Intensive,55.55,+,-,-,Reinvestor
ADANIPOWER,Mar 2022,11007.0,2.08,High Quality,2.79,Asset Light,111.4,+,+,-,Liquidating Assets
ADANIPOWER,Mar 2023,9976.0,0.79,Moderate,3.98,Moderate,98.81,+,+,-,Liquidating Assets
ADANIPOWER,Mar 2024,17651.0,0.68,Moderate,6.91,Moderate,96.83,+,+,-,Liquidating Assets
AMBUJACEM,Dec 2012,1472.0,1.44,High Quality,3.98,Moderate,59.52,+,-,-,Reinvestor
AMBUJACEM,Dec 2013,771.0,0.99,Moderate,5.41,Moderate,46.2,+,-,-,Reinvestor
AMBUJACEM,Dec 2014,1219.0,1.13,High Quality,4.58,Moderate,63.03,+,-,-,Reinvestor
AMBUJACEM,Dec 2015,1474.0,1.93,High Quality,0.88,Asset Light,95.59,+,-,-,Reinvestor
AMBUJACEM,Dec 2016,-1355.0,1.96,High Quality,20.73,Capital Intensive,-42.6,+,-,-,Reinvestor
AMBUJACEM,Dec 2017,2678.0,1.76,High Quality,3.13,Moderate,69.41,+,-,-,Reinvestor
AMBUJACEM,Dec 2018,938.0,0.57,Moderate,2.94,Asset Light,23.39,+,-,-,Reinvestor
AMBUJACEM,Dec 2019,3548.0,1.7,High Quality,4.39,Moderate,77.18,+,-,-,Reinvestor
AMBUJACEM,Dec 2020,3515.0,1.56,High Quality,5.37,Moderate,70.22,+,-,-,Reinvestor
AMBUJACEM,Dec 2021,3302.0,1.43,High Quality,6.93,Moderate,53.17,+,-,-,Reinvestor
AMBUJACEM,Mar 2024,-3295.0,1.19,High Quality,26.96,Capital Intensive,-51.48,+,-,+,Growth Funded by Debt
APOLLOHOSP,Mar 2013,-290.0,1.46,High Quality,19.45,Capital Intensive,-47.39,+,-,+,Growth Funded by Debt
APOLLOHOSP,Mar 2014,17.0,1.18,High Quality,8.17,Capital Intensive,2.51,+,-,-,Reinvestor
APOLLOHOSP,Mar 2015,-289.0,1.4,High Quality,14.8,Capital Intensive,-39.21,+,-,+,Growth Funded by Debt
APOLLOHOSP,Mar 2016,-291.0,2.54,High Quality,14.44,Capital Intensive,-42.54,+,-,+,Growth Funded by Debt
APOLLOHOSP,Mar 2017,-529.0,4.76,High Quality,15.88,Capital Intensive,-72.07,+,-,+,Growth Funded by Debt
APOLLOHOSP,Mar 2018,132.0,8.95,High Quality,4.91,Moderate,16.48,+,-,-,Reinvestor
APOLLOHOSP,Mar 2019,194.0,4.53,High Quality,7.39,Moderate,18.13,+,-,-,Reinvestor
APOLLOHOSP,Mar 2020,1004.0,2.99,High Quality,2.57,Asset Light,63.1,+,-,-,Reinvestor
APOLLOHOSP,Mar 2021,385.0,9.23,High Quality,8.33,Capital Intensive,33.77,+,-,-,Reinvestor
APOLLOHOSP,Mar 2022,949.0,1.53,High Quality,5.09,Moderate,43.35,+,-,-,Reinvestor
APOLLOHOSP,Mar 2023,520.0,1.63,High Quality,5.16,Moderate,25.18,+,-,-,Reinvestor
APOLLOHOSP,Mar 2024,383.0,2.05,High Quality,8.06,Capital Intensive,16.0,+,-,-,Reinvestor
ASIANPAINT,Mar 2013,724.0,1.02,High Quality,4.41,Moderate,41.68,+,-,-,Reinvestor
ASIANPAINT,Mar 2014,816.0,1.11,High Quality,4.8,Moderate,40.72,+,-,-,Reinvestor
ASIANPAINT,Mar 2015,723.0,0.83,Moderate,3.42,Moderate,32.23,+,-,-,Reinvestor
ASIANPAINT,Mar 2016,1377.0,1.24,High Quality,6.07,Moderate,50.53,+,-,-,Reinvestor
ASIANPAINT,Mar 2017,846.0,0.76,Moderate,4.52,Moderate,28.26,+,-,-,Reinvestor
ASIANPAINT,Mar 2018,557.0,1.01,High Quality,9.25,Capital Intensive,17.38,+,-,-,Reinvestor
ASIANPAINT,Mar 2019,1552.0,1.12,High Quality,4.77,Moderate,41.22,+,-,-,Reinvestor
ASIANPAINT,Mar 2020,2520.0,1.1,High Quality,2.56,Asset Light,60.62,+,-,-,Reinvestor
ASIANPAINT,Mar 2021,3142.0,1.15,High Quality,2.49,Asset Light,64.7,+,-,-,Reinvestor
ASIANPAINT,Mar 2022,669.0,0.32,Accrual Risk,1.09,Asset Light,13.93,+,-,-,Reinvestor
ASIANPAINT,Mar 2023,2911.0,1.0,High Quality,3.72,Moderate,46.5,+,-,-,Reinvestor
ASIANPAINT,Mar 2024,3556.0,1.1,High Quality,7.18,Moderate,46.88,+,-,-,Reinvestor
BAJAJ-AUTO,Mar 2013,824.0,0.71,Moderate,6.96,Moderate,22.54,+,-,-,Reinvestor
BAJAJ-AUTO,Mar 2014,1430.0,1.04,High Quality,10.29,Capital Intensive,34.35,+,-,-,Reinvestor
BAJAJ-AUTO,Mar 2015,1734.0,0.7,Moderate,1.76,Asset Light,42.01,+,-,-,Reinvestor
BAJAJ-AUTO,Mar 2016,3622.0,0.91,Moderate,0.3,Asset Light,75.57,+,-,-,Reinvestor
BAJAJ-AUTO,Mar 2017,-343.0,0.8,Moderate,16.59,Capital Intensive,-7.74,+,-,-,Reinvestor
BAJAJ-AUTO,Mar 2018,2374.0,1.03,High Quality,7.75,Moderate,48.99,+,-,-,Reinvestor
BAJAJ-AUTO,Mar 2019,2214.0,0.5,Moderate,0.9,Asset Light,42.59,+,-,-,Reinvestor
BAJAJ-AUTO,Mar 2020,5616.0,0.74,Moderate,5.9,Moderate,109.92,+,+,-,Liquidating Assets
BAJAJ-AUTO,Mar 2021,251.0,0.64,Moderate,10.34,Capital Intensive,5.08,+,-,-,Reinvestor
BAJAJ-AUTO,Mar 2022,4473.0,0.68,Moderate,0.83,Asset Light,85.05,+,+,-,Liquidating Assets
BAJAJ-AUTO,Mar 2023,6488.0,0.87,Moderate,3.32,Moderate,100.36,+,+,-,Liquidating Assets
BAJAJ-AUTO,Mar 2024,6486.0,0.85,Moderate,0.16,Asset Light,74.0,+,-,-,Reinvestor
AXISBANK,Mar 2013,-8366.0,0.5,Moderate,40.24,Capital Intensive,-100.64,+,-,+,Growth Funded by Debt
AXISBANK,Mar 2014,298.0,2.33,High Quality,46.23,Capital Intensive,3.09,+,-,+,Growth Funded by Debt
AXISBANK,Mar 2015,-23134.0,-2.06,Accrual Risk,22.47,Capital Intensive,-207.91,-,-,+,Mixed
AXISBANK,Mar 2016,-25284.0,-4.19,Accrual Risk,22.47,Capital Intensive,-189.15,-,+,+,Distress Signal
AXISBANK,Mar 2017,19751.0,8.75,High Quality,27.97,Capital Intensive,82.96,+,-,-,Reinvestor
AXISBANK,Mar 2018,-48397.0,-139.09,Accrual Risk,21.86,Capital Intensive,-167.49,-,-,+,Mixed
AXISBANK,Mar 2019,18451.0,7.94,High Quality,33.96,Capital Intensive,67.95,+,-,+,Growth Funded by Debt
AXISBANK,Mar 2020,20931.0,18.69,High Quality,15.14,Capital Intensive,59.69,+,-,+,Growth Funded by Debt
AXISBANK,Mar 2021,-41655.0,1.92,High Quality,85.7,Capital Intensive,-131.2,+,-,+,Growth Funded by Debt
AXISBANK,Mar 2022,1025.0,2.16,High Quality,40.24,Capital Intensive,3.42,+,-,+,Growth Funded by Debt
AXISBANK,Mar 2023,-10276.0,2.3,High Quality,37.99,Capital Intensive,-35.33,+,-,+,Growth Funded by Debt
AXISBANK,Mar 2024,-14556.0,-0.22,Accrual Risk,8.23,Capital Intensive,-38.36,-,-,+,Mixed
BAJAJFINSV,Mar 2013,-3969.0,-3.13,Accrual Risk,36.66,Capital Intensive,-100.97,-,+,+,Distress Signal
BAJAJFINSV,Mar 2014,-6043.0,-4.48,Accrual Risk,62.49,Capital Intensive,-134.56,-,+,+,Distress Signal
BAJAJFINSV,Mar 2015,-7022.0,-4.45,Accrual Risk,32.72,Capital Intensive,-127.42,-,+,+,Distress Signal
BAJAJFINSV,Mar 2016,-10681.0,-3.53,Accrual Risk,4.32,Moderate,-158.5,-,-,+,Mixed
BAJAJFINSV,Mar 2017,-10771.0,-3.17,Accrual Risk,0.62,Asset Light,-123.62,-,+,+,Distress Signal
BAJAJFINSV,Mar 2018,-20502.0,-4.69,Accrual Risk,2.81,Asset Light,-190.04,-,-,+,Mixed
BAJAJFINSV,Mar 2019,-33979.0,-5.04,Accrual Risk,16.2,Capital Intensive,-225.97,-,-,+,Mixed
BAJAJFINSV,Mar 2020,-33317.0,-3.9,Accrual Risk,18.3,Capital Intensive,-182.48,-,-,+,Mixed
BAJAJFINSV,Mar 2021,863.0,0.62,Moderate,6.08,Moderate,4.39,+,-,+,Growth Funded by Debt
BAJAJFINSV,Mar 2022,-32225.0,-4.05,Accrual Risk,2.11,Asset Light,-150.2,-,+,+,Distress Signal
BAJAJFINSV,Mar 2023,-53425.0,-3.23,Accrual Risk,16.99,Capital Intensive,-178.87,-,-,+,Mixed
BAJAJFINSV,Mar 2024,-79634.0,-4.4,Accrual Risk,9.93,Capital Intensive,-194.77,-,-,+,Mixed
BAJAJHLDNG,Mar 2013,104.0,0.25,Accrual Risk,109.5,Capital Intensive,32.3,+,-,-,Reinvestor
BAJAJHLDNG,Mar 2014,353.0,0.44,Accrual Risk,122.7,Capital Intensive,88.25,+,-,-,Reinvestor
BAJAJHLDNG,Mar 2015,332.0,0.39,Accrual Risk,88.55,Capital Intensive,68.6,+,-,-,Reinvestor
BAJAJHLDNG,Mar 2016,2166.0,0.51,Moderate,216.81,Capital Intensive,504.9,+,+,-,Liquidating Assets
BAJAJHLDNG,Mar 2017,-1295.0,-0.37,Accrual Risk,44.18,Capital Intensive,-206.21,-,-,-,Pre-Revenue
BAJAJHLDNG,Mar 2018,508.0,0.61,Moderate,267.38,Capital Intensive,143.1,+,-,-,Reinvestor
BAJAJHLDNG,Mar 2019,465.0,0.21,Accrual Risk,37.82,Capital Intensive,134.01,+,-,-,Reinvestor
BAJAJHLDNG,Mar 2020,1120.0,0.62,Moderate,183.91,Capital Intensive,372.09,+,-,-,Reinvestor
BAJAJHLDNG,Mar 2021,-36.0,0.07,Accrual Risk,67.4,Capital Intensive,-10.23,+,-,-,Reinvestor
BAJAJHLDNG,Mar 2022,1459.0,0.39,Accrual Risk,31.2,Capital Intensive,397.55,+,-,-,Reinvestor
BAJAJHLDNG,Mar 2023,1591.0,0.35,Accrual Risk,26.25,Capital Intensive,418.68,+,-,-,Reinvestor
BAJAJHLDNG,Mar 2024,1469.0,0.26,Accrual Risk,27.73,Capital Intensive,94.05,+,-,-,Reinvestor
BAJFINANCE,Mar 2015,-7424.0,-7.87,Accrual Risk,6.68,Moderate,-423.74,-,-,+,Mixed
BAJFINANCE,Mar 2016,-10557.0,-7.72,Accrual Risk,9.41,Capital Intensive,-448.47,-,-,+,Mixed
BAJFINANCE,Mar 2017,-13486.0,-5.69,Accrual Risk,30.56,Capital Intensive,-414.95,-,-,+,Mixed
BAJFINANCE,Mar 2018,-19491.0,-8.24,Accrual Risk,8.43,Capital Intensive,-473.66,-,+,+,Distress Signal
BAJFINANCE,Mar 2019,-34441.0,-7.27,Accrual Risk,29.1,Capital Intensive,-631.48,-,-,+,Mixed
BAJFINANCE,Mar 2020,-33170.0,-4.64,Accrual Risk,33.21,Capital Intensive,-362.16,-,-,+,Mixed
BAJFINANCE,Mar 2021,-1236.0,-0.18,Accrual Risk,1.61,Asset Light,-11.4,-,-,+,Mixed
BAJFINANCE,Mar 2022,-30743.0,-5.28,Accrual Risk,20.06,Capital Intensive,-258.78,-,+,+,Distress Signal
BAJFINANCE,Mar 2023,-52506.0,-3.66,Accrual Risk,25.1,Capital Intensive,-413.66,-,-,+,Mixed
BAJFINANCE,Mar 2024,-79931.0,-5.03,Accrual Risk,13.04,Capital Intensive,-496.5,-,-,+,Mixed
BANKBARODA,Mar 2013,22682.0,4.8,High Quality,1.41,Asset Light,207.14,+,-,-,Reinvestor
BANKBARODA,Mar 2014,41503.0,8.39,High Quality,1.8,Asset Light,344.45,+,-,+,Growth Funded by Debt
BANKBARODA,Mar 2015,17282.0,4.52,High Quality,1.24,Asset Light,128.34,+,-,-,Reinvestor
BANKBARODA,Mar 2016,-14016.0,1.99,High Quality,8.74,Capital Intensive,-55.2,-,-,-,Pre-Revenue
BANKBARODA,Mar 2017,17314.0,9.63,High Quality,1.24,Asset Light,89.94,+,-,-,Reinvestor
BANKBARODA,Mar 2018,-60106.0,32.51,High Quality,0.9,Asset Light,-230.35,-,-,+,Mixed
BANKBARODA,Mar 2019,-3986.0,-1.24,Accrual Risk,4.8,Moderate,-15.44,-,-,+,Mixed
BANKBARODA,Mar 2020,18392.0,18.89,High Quality,0.18,Asset Light,45.32,+,-,+,Growth Funded by Debt
BANKBARODA,Mar 2021,-1358.0,-0.55,Accrual Risk,0.63,Asset Light,-3.57,-,-,-,Pre-Revenue
BANKBARODA,Mar 2022,2565.0,0.78,Moderate,4.97,Moderate,6.84,+,-,-,Reinvestor
BANKBARODA,Mar 2023,-22450.0,-1.42,Accrual Risk,1.16,Asset Light,-58.72,-,-,-,Pre-Revenue
BANKBARODA,Mar 2024,-7559.0,-0.33,Accrual Risk,1.09,Asset Light,-17.03,-,-,+,Mixed
BHARTIARTL,Mar 2013,3932.0,9.97,High Quality,24.27,Capital Intensive,17.13,+,-,-,Reinvestor
BHARTIARTL,Mar 2014,1052.0,8.69,High Quality,29.33,Capital Intensive,3.97,+,-,+,Growth Funded by Debt
BHARTIARTL,Mar 2015,5758.0,5.56,High Quality,23.21,Capital Intensive,17.14,+,-,-,Reinvestor
BHARTIARTL,Mar 2016,13851.0,4.05,High Quality,14.6,Capital Intensive,40.76,+,-,-,Reinvestor
BHARTIARTL,Mar 2017,-2400.0,6.67,High Quality,32.14,Capital Intensive,-6.79,+,-,-,Reinvestor
BHARTIARTL,Mar 2018,1914.0,13.67,High Quality,33.81,Capital Intensive,6.36,+,-,+,Growth Funded by Debt
BHARTIARTL,Mar 2019,-8216.0,11.89,High Quality,35.02,Capital Intensive,-31.89,+,-,+,Growth Funded by Debt
BHARTIARTL,Mar 2020,-11469.0,-0.59,Accrual Risk,33.81,Capital Intensive,-31.33,+,-,+,Growth Funded by Debt
BHARTIARTL,Mar 2021,20919.0,-3.9,Accrual Risk,27.12,Capital Intensive,46.2,+,-,-,Reinvestor
BHARTIARTL,Mar 2022,13539.0,6.62,High Quality,35.59,Capital Intensive,23.53,+,-,-,Reinvestor
BHARTIARTL,Mar 2023,26093.0,5.32,High Quality,28.2,Capital Intensive,36.61,+,-,-,Reinvestor
BHARTIARTL,Mar 2024,27809.0,9.22,High Quality,34.06,Capital Intensive,35.52,+,-,-,Reinvestor
BEL,Mar 2013,214.0,-1.69,Accrual Risk,27.95,Capital Intensive,31.99,-,+,-,Mixed
BEL,Mar 2014,190.0,-0.6,Accrual Risk,11.64,Capital Intensive,20.54,-,+,-,Mixed
BEL,Mar 2015,595.0,1.2,High Quality,11.83,Capital Intensive,50.47,+,-,-,Reinvestor
BEL,Mar 2016,790.0,1.69,High Quality,19.99,Capital Intensive,56.71,+,-,-,Reinvestor
BEL,Mar 2017,3054.0,-0.04,Accrual Risk,35.99,Capital Intensive,170.42,-,+,-,Mixed
BEL,Mar 2018,-693.0,-0.48,Accrual Risk,0.06,Asset Light,-33.99,-,-,-,Pre-Revenue
BEL,Mar 2019,618.0,0.8,Moderate,7.37,Moderate,21.24,+,-,-,Reinvestor
BEL,Mar 2020,1921.0,1.41,High Quality,5.0,Moderate,69.63,+,-,-,Reinvestor
BEL,Mar 2021,2498.0,2.43,High Quality,18.39,Capital Intensive,77.72,+,-,-,Reinvestor
BEL,Mar 2022,-665.0,1.75,High Quality,31.7,Capital Intensive,-19.89,+,-,-,Reinvestor
BEL,Mar 2023,3907.0,0.4,Accrual Risk,15.27,Capital Intensive,95.53,+,+,-,Liquidating Assets
BEL,Mar 2024,-1265.0,1.17,High Quality,29.23,Capital Intensive,-25.04,+,-,-,Reinvestor
BHEL,Mar 2013,646.0,0.26,Accrual Risk,2.28,Asset Light,6.81,+,-,+,Growth Funded by Debt
BHEL,Mar 2014,3644.0,1.29,High Quality,2.19,Asset Light,79.58,+,-,+,Growth Funded by Debt
BHEL,Mar 2015,1471.0,0.57,Moderate,2.08,Asset Light,68.71,+,+,-,Liquidating Assets
BHEL,Mar 2016,397.0,-0.53,Accrual Risk,0.09,Asset Light,-29.26,+,+,-,Liquidating Assets
BHEL,Mar 2017,-5.0,1.23,High Quality,1.98,Asset Light,-0.46,+,-,-,Reinvestor
BHEL,Mar 2018,1950.0,2.26,High Quality,3.33,Moderate,117.97,+,+,-,Liquidating Assets
BHEL,Mar 2019,-1941.0,-3.85,Accrual Risk,6.3,Moderate,-95.52,-,+,-,Mixed
BHEL,Mar 2020,-1015.0,1.97,High Quality,8.75,Capital Intensive,763.16,-,+,+,Distress Signal
BHEL,Mar 2021,518.0,-0.21,Accrual Risk,0.24,Asset Light,-16.99,+,-,-,Reinvestor
BHEL,Mar 2022,-458.0,1.48,High Quality,5.27,Moderate,-55.31,+,-,-,Reinvestor
BHEL,Mar 2023,739.0,-1.13,Accrual Risk,6.33,Moderate,70.79,-,+,+,Distress Signal
BHEL,Mar 2024,-2382.0,-13.17,Accrual Risk,5.57,Moderate,-335.02,-,+,+,Distress Signal
BOSCHLTD,Dec 2012,47.0,0.91,Moderate,9.52,Capital Intensive,3.48,+,-,-,Reinvestor
BOSCHLTD,Dec 2013,211.0,1.19,High Quality,9.66,Capital Intensive,16.37,+,-,-,Reinvestor
BOSCHLTD,Mar 2015,213.0,1.04,High Quality,9.79,Capital Intensive,10.75,+,-,-,Reinvestor
BOSCHLTD,Mar 2016,323.0,0.86,Moderate,10.26,Capital Intensive,17.2,+,-,-,Reinvestor
BOSCHLTD,Mar 2017,2703.0,0.84,Moderate,11.94,Capital Intensive,137.7,+,+,-,Liquidating Assets
BOSCHLTD,Mar 2018,559.0,1.26,High Quality,10.01,Capital Intensive,26.71,+,-,-,Reinvestor
BOSCHLTD,Mar 2019,2359.0,0.37,Accrual Risk,14.61,Capital Intensive,109.52,+,+,-,Liquidating Assets
BOSCHLTD,Mar 2020,463.0,2.06,High Quality,8.87,Capital Intensive,31.22,+,-,-,Reinvestor
BOSCHLTD,Mar 2021,372.0,1.73,High Quality,4.76,Moderate,31.99,+,-,-,Reinvestor
BOSCHLTD,Mar 2022,238.0,0.22,Accrual Risk,0.28,Asset Light,16.28,+,-,-,Reinvestor
BOSCHLTD,Mar 2023,1476.0,0.85,Moderate,1.75,Asset Light,81.55,+,+,-,Liquidating Assets
BOSCHLTD,Mar 2024,1536.0,0.5,Moderate,1.69,Asset Light,73.32,+,+,-,Liquidating Assets
BPCL,Mar 2013,2322.0,3.06,High Quality,1.49,Asset Light,34.61,+,-,-,Reinvestor
BPCL,Mar 2014,2707.0,2.37,High Quality,2.6,Asset Light,28.76,+,-,-,Reinvestor
BPCL,Mar 2015,10206.0,4.08,High Quality,4.34,Moderate,104.36,+,-,-,Reinvestor
BPCL,Mar 2016,1886.0,1.37,High Quality,4.92,Moderate,14.54,+,-,-,Reinvestor
BPCL,Mar 2017,-6233.0,0.95,Moderate,7.59,Moderate,-45.22,+,-,+,Growth Funded by Debt
BPCL,Mar 2018,4002.0,1.13,High Quality,3.0,Moderate,26.13,+,-,-,Reinvestor
BPCL,Mar 2019,-294.0,1.19,High Quality,3.5,Moderate,-1.95,+,-,+,Growth Funded by Debt
BPCL,Mar 2020,-3254.0,2.15,High Quality,3.91,Moderate,-36.26,+,-,+,Growth Funded by Debt
BPCL,Mar 2021,20981.0,1.35,High Quality,1.07,Asset Light,99.9,+,-,-,Reinvestor
BPCL,Mar 2022,12198.0,1.74,High Quality,2.35,Asset Light,63.74,+,-,-,Reinvestor
BPCL,Mar 2023,4660.0,5.85,High Quality,1.65,Asset Light,42.76,+,-,-,Reinvestor
BPCL,Mar 2024,25415.0,1.34,High Quality,2.35,Asset Light,57.65,+,-,-,Reinvestor
BRITANNIA,Mar 2013,348.0,1.23,High Quality,0.45,Asset Light,82.66,+,+,-,Liquidating Assets
BRITANNIA,Mar 2014,425.0,1.7,High Quality,3.56,Moderate,67.78,+,-,-,Reinvestor
BRITANNIA,Mar 2015,134.0,0.85,Moderate,5.73,Moderate,15.4,+,-,-,Reinvestor
BRITANNIA,Mar 2016,254.0,1.16,High Quality,8.4,Capital Intensive,20.75,+,-,-,Reinvestor
BRITANNIA,Mar 2017,291.0,0.5,Moderate,1.66,Asset Light,22.77,+,-,-,Reinvestor
BRITANNIA,Mar 2018,292.0,1.24,High Quality,9.65,Capital Intensive,19.45,+,-,-,Reinvestor
BRITANNIA,Mar 2019,304.0,1.0,High Quality,7.71,Moderate,17.55,+,-,-,Reinvestor
BRITANNIA,Mar 2020,-41.0,1.07,High Quality,13.16,Capital Intensive,-2.22,+,-,+,Growth Funded by Debt
BRITANNIA,Mar 2021,2309.0,1.01,High Quality,3.3,Moderate,92.03,+,+,-,Liquidating Assets
BRITANNIA,Mar 2022,2214.0,0.86,Moderate,6.47,Moderate,100.59,+,+,-,Liquidating Assets
BRITANNIA,Mar 2023,1019.0,1.09,High Quality,9.24,Capital Intensive,35.99,+,-,-,Reinvestor
BRITANNIA,Mar 2024,3050.0,1.21,High Quality,2.84,Asset Light,96.31,+,+,-,Liquidating Assets
CANBK,Mar 2013,7575.0,2.67,High Quality,1.28,Asset Light,104.96,+,-,-,Reinvestor
CANBK,Mar 2014,13864.0,5.33,High Quality,0.96,Asset Light,143.88,+,-,-,Reinvestor
CANBK,Mar 2015,5240.0,2.16,High Quality,2.52,Asset Light,50.86,+,-,-,Reinvestor
CANBK,Mar 2016,8903.0,-3.69,Accrual Risk,1.01,Asset Light,50.06,+,-,-,Reinvestor
CANBK,Mar 2017,2099.0,1.82,High Quality,1.15,Asset Light,13.38,+,-,+,Growth Funded by Debt
CANBK,Mar 2018,-11607.0,2.87,High Quality,1.18,Asset Light,-45.37,-,-,+,Mixed
CANBK,Mar 2019,17492.0,26.2,High Quality,1.55,Asset Light,64.3,+,-,-,Reinvestor
CANBK,Mar 2020,-5734.0,2.75,High Quality,0.89,Asset Light,-21.39,-,-,+,Mixed
CANBK,Mar 2021,58002.0,19.99,High Quality,1.59,Asset Light,133.53,+,-,+,Growth Funded by Debt
CANBK,Mar 2022,-510.0,0.15,Accrual Risk,2.02,Asset Light,-1.24,+,-,+,Growth Funded by Debt
CANBK,Mar 2023,-41134.0,-3.52,Accrual Risk,1.35,Asset Light,-96.17,-,-,+,Mixed
CANBK,Mar 2024,13296.0,0.98,Moderate,1.58,Asset Light,28.81,+,-,-,Reinvestor
CHOLAFIN,Mar 2013,-3749.0,-12.19,Accrual Risk,0.19,Asset Light,-544.91,-,+,+,Distress Signal
CHOLAFIN,Mar 2014,-2530.0,-6.65,Accrual Risk,2.53,Asset Light,-271.46,-,-,+,Mixed
CHOLAFIN,Mar 2015,-2304.0,-5.1,Accrual Risk,1.08,Asset Light,-217.15,-,-,+,Mixed
CHOLAFIN,Mar 2016,-2946.0,-4.89,Accrual Risk,3.25,Moderate,-232.7,-,-,+,Mixed
CHOLAFIN,Mar 2017,-1690.0,-2.04,Accrual Risk,4.73,Moderate,-127.84,-,-,+,Mixed
CHOLAFIN,Mar 2018,-7986.0,-8.63,Accrual Risk,1.08,Asset Light,-550.38,-,-,+,Mixed
CHOLAFIN,Mar 2019,-9328.0,-7.78,Accrual Risk,0.15,Asset Light,-571.57,-,-,+,Mixed
CHOLAFIN,Mar 2020,-2129.0,-1.97,Accrual Risk,0.62,Asset Light,-87.94,-,-,+,Mixed
CHOLAFIN,Mar 2021,-10594.0,-5.82,Accrual Risk,18.22,Capital Intensive,-363.68,-,-,+,Mixed
CHOLAFIN,Mar 2022,-3931.0,-2.59,Accrual Risk,16.16,Capital Intensive,-134.35,-,+,+,Distress Signal
CHOLAFIN,Mar 2023,-29253.0,-10.17,Accrual Risk,16.67,Capital Intensive,-807.87,-,-,+,Mixed
CHOLAFIN,Mar 2024,-38538.0,-10.43,Accrual Risk,14.9,Capital Intensive,-715.65,-,-,+,Mixed
CIPLA,Mar 2013,-665.0,0.9,Moderate,24.92,Capital Intensive,-10.96,+,-,+,Growth Funded by Debt
CIPLA,Mar 2014,298.0,1.11,High Quality,12.43,Capital Intensive,3.71,+,-,-,Reinvestor
CIPLA,Mar 2015,223.0,0.95,Moderate,8.37,Capital Intensive,2.43,+,-,+,Growth Funded by Debt
CIPLA,Mar 2016,-2792.0,1.26,High Quality,32.87,Capital Intensive,-24.69,+,-,+,Growth Funded by Debt
CIPLA,Mar 2017,1078.0,2.3,High Quality,9.06,Capital Intensive,9.06,+,-,-,Reinvestor
CIPLA,Mar 2018,629.0,1.03,High Quality,5.5,Moderate,5.1,+,-,-,Reinvestor
CIPLA,Mar 2019,3.0,1.13,High Quality,10.32,Capital Intensive,0.02,+,-,-,Reinvestor
CIPLA,Mar 2020,3182.0,2.05,High Quality,0.67,Asset Light,22.85,+,+,-,Liquidating Assets
CIPLA,Mar 2021,1381.0,1.57,High Quality,12.39,Capital Intensive,9.26,+,-,-,Reinvestor
CIPLA,Mar 2022,1468.0,1.31,High Quality,8.54,Capital Intensive,8.53,+,-,-,Reinvestor
CIPLA,Mar 2023,862.0,1.14,High Quality,10.44,Capital Intensive,4.86,+,-,-,Reinvestor
CIPLA,Mar 2024,1152.0,1.0,High Quality,11.57,Capital Intensive,5.91,+,-,-,Reinvestor
COALINDIA,Mar 2013,7276.0,0.52,Moderate,2.68,Asset Light,14.49,+,-,-,Reinvestor
COALINDIA,Mar 2014,23105.0,0.96,Moderate,12.15,Capital Intensive,43.72,+,+,-,Liquidating Assets
COALINDIA,Mar 2015,15276.0,1.05,High Quality,1.21,Asset Light,26.91,+,+,-,Liquidating Assets
COALINDIA,Mar 2016,21308.0,0.92,Moderate,10.47,Capital Intensive,36.03,+,+,-,Liquidating Assets
COALINDIA,Mar 2017,16916.0,1.77,High Quality,0.58,Asset Light,25.74,+,+,-,Liquidating Assets
COALINDIA,Mar 2018,13368.0,3.0,High Quality,9.09,Capital Intensive,17.6,+,-,-,Reinvestor
COALINDIA,Mar 2019,8460.0,0.94,Moderate,7.93,Moderate,11.34,+,-,-,Reinvestor
COALINDIA,Mar 2020,6010.0,0.3,Accrual Risk,1.08,Asset Light,8.07,+,+,-,Liquidating Assets
COALINDIA,Mar 2021,10774.0,0.83,Moderate,0.2,Asset Light,15.09,+,+,-,Liquidating Assets
COALINDIA,Mar 2022,15392.0,2.37,High Quality,23.44,Capital Intensive,18.11,+,-,-,Reinvestor
COALINDIA,Mar 2023,12269.0,1.13,High Quality,16.97,Capital Intensive,13.05,+,-,-,Reinvestor
COALINDIA,Mar 2024,13617.0,0.48,Accrual Risk,3.15,Moderate,14.43,+,-,-,Reinvestor
DABUR,Mar 2013,248.0,1.14,High Quality,10.13,Capital Intensive,25.0,+,-,-,Reinvestor
DABUR,Mar 2014,994.0,1.2,High Quality,1.47,Asset Light,85.54,+,-,-,Reinvestor
DABUR,Mar 2015,171.0,0.98,Moderate,11.24,Capital Intensive,12.95,+,-,-,Reinvestor
DABUR,Mar 2016,457.0,0.95,Moderate,9.38,Capital Intensive,30.11,+,-,-,Reinvestor
DABUR,Mar 2017,420.0,0.96,Moderate,10.6,Capital Intensive,27.78,+,-,-,Reinvestor
DABUR,Mar 2018,551.0,0.8,Moderate,7.01,Moderate,34.08,+,-,-,Reinvestor
DABUR,Mar 2019,1837.0,1.04,High Quality,3.97,Moderate,105.57,+,+,-,Liquidating Assets
DABUR,Mar 2020,1097.0,1.11,High Quality,5.95,Moderate,61.22,+,-,-,Reinvestor
DABUR,Mar 2021,711.0,1.25,High Quality,14.68,Capital Intensive,35.51,+,-,-,Reinvestor
DABUR,Mar 2022,529.0,1.03,High Quality,11.69,Capital Intensive,23.49,+,-,-,Reinvestor
DABUR,Mar 2023,905.0,0.87,Moderate,5.06,Moderate,41.86,+,-,-,Reinvestor
DABUR,Mar 2024,1042.0,1.11,High Quality,7.83,Moderate,43.42,+,-,-,Reinvestor
DIVISLAB,Mar 2013,225.0,0.8,Moderate,11.89,Capital Intensive,27.57,+,-,-,Reinvestor
DIVISLAB,Mar 2014,252.0,0.72,Moderate,12.05,Capital Intensive,24.75,+,-,-,Reinvestor
DIVISLAB,Mar 2015,305.0,0.97,Moderate,16.73,Capital Intensive,26.0,+,-,-,Reinvestor
DIVISLAB,Mar 2016,632.0,0.92,Moderate,10.75,Capital Intensive,44.41,+,-,-,Reinvestor
DIVISLAB,Mar 2017,10.0,1.08,High Quality,28.05,Capital Intensive,0.69,+,-,+,Growth Funded by Debt
DIVISLAB,Mar 2018,298.0,0.88,Moderate,12.28,Capital Intensive,23.48,+,-,-,Reinvestor
DIVISLAB,Mar 2019,269.0,0.71,Moderate,13.85,Capital Intensive,14.35,+,-,-,Reinvestor
DIVISLAB,Mar 2020,1133.0,0.88,Moderate,1.54,Asset Light,62.05,+,-,-,Reinvestor
DIVISLAB,Mar 2021,2022.0,0.98,Moderate,1.08,Asset Light,70.53,+,+,-,Liquidating Assets
DIVISLAB,Mar 2022,-283.0,0.65,Moderate,24.5,Capital Intensive,-7.28,+,-,-,Reinvestor
DIVISLAB,Mar 2023,-248.0,1.35,High Quality,34.85,Capital Intensive,-10.46,+,-,-,Reinvestor
DIVISLAB,Mar 2024,992.0,0.79,Moderate,3.43,Moderate,44.89,+,-,-,Reinvestor
DLF,Mar 2013,4004.0,3.01,High Quality,25.67,Capital Intensive,152.07,+,+,-,Liquidating Assets
DLF,Mar 2014,5392.0,2.49,High Quality,47.29,Capital Intensive,216.29,+,+,-,Liquidating Assets
DLF,Mar 2015,2135.0,4.02,High Quality,1.28,Asset Light,70.84,+,+,-,Liquidating Assets
DLF,Mar 2016,2139.0,9.7,High Quality,8.24,Capital Intensive,53.93,+,-,-,Reinvestor
DLF,Mar 2017,-26.0,-1.27,Accrual Risk,10.61,Capital Intensive,-0.75,-,+,+,Distress Signal
DLF,Mar 2018,-1832.0,0.06,Accrual Risk,31.34,Capital Intensive,-77.04,+,-,-,Reinvestor
DLF,Mar 2019,2046.0,1.55,High Quality,0.04,Asset Light,95.25,+,+,+,Cash Accumulator
DLF,Mar 2020,6864.0,-0.6,Accrual Risk,106.99,Capital Intensive,598.95,+,+,-,Liquidating Assets
DLF,Mar 2021,1610.0,1.35,High Quality,2.77,Asset Light,109.6,+,+,-,Liquidating Assets
DLF,Mar 2022,3099.0,1.89,High Quality,4.67,Moderate,177.8,+,+,-,Liquidating Assets
DLF,Mar 2023,1914.0,1.17,High Quality,8.09,Capital Intensive,110.89,+,-,-,Reinvestor
DLF,Mar 2024,1010.0,0.93,Moderate,23.79,Capital Intensive,47.55,+,-,+,Growth Funded by Debt
DMART,Mar 2013,-104.0,1.35,High Quality,6.91,Moderate,-48.37,+,-,+,Growth Funded by Debt
DMART,Mar 2014,-72.0,1.23,High Quality,5.76,Moderate,-21.11,+,-,+,Growth Funded by Debt
DMART,Mar 2015,-252.0,1.05,High Quality,7.36,Moderate,-55.26,+,-,+,Growth Funded by Debt
DMART,Mar 2016,-200.0,1.35,High Quality,7.37,Moderate,-30.12,+,-,+,Growth Funded by Debt
DMART,Mar 2017,-2027.0,0.95,Moderate,20.86,Capital Intensive,-209.18,+,-,+,Growth Funded by Debt
DMART,Mar 2018,1194.0,0.91,Moderate,3.09,Moderate,88.25,+,+,-,Liquidating Assets
DMART,Mar 2019,-151.0,0.89,Moderate,4.79,Moderate,-9.25,+,-,+,Growth Funded by Debt
DMART,Mar 2020,-3377.0,0.98,Moderate,18.73,Capital Intensive,-158.69,+,-,+,Growth Funded by Debt
DMART,Mar 2021,265.0,1.25,High Quality,4.6,Moderate,15.19,+,-,-,Reinvestor
DMART,Mar 2022,83.0,0.92,Moderate,4.16,Moderate,3.32,+,-,-,Reinvestor
DMART,Mar 2023,317.0,1.11,High Quality,5.4,Moderate,8.71,+,-,-,Reinvestor
DMART,Mar 2024,278.0,1.08,High Quality,4.86,Moderate,6.77,+,-,-,Reinvestor
DRREDDY,Mar 2013,-59.0,0.9,Moderate,12.14,Capital Intensive,-2.21,+,-,-,Reinvestor
DRREDDY,Mar 2014,366.0,1.0,High Quality,11.96,Capital Intensive,11.26,+,-,-,Reinvestor
DRREDDY,Mar 2015,154.0,1.08,High Quality,15.78,Capital Intensive,4.39,+,-,-,Reinvestor
DRREDDY,Mar 2016,1653.0,1.53,High Quality,10.34,Capital Intensive,46.11,+,-,-,Reinvestor
DRREDDY,Mar 2017,254.0,1.66,High Quality,13.31,Capital Intensive,10.28,+,-,-,Reinvestor
DRREDDY,Mar 2018,320.0,1.9,High Quality,10.38,Capital Intensive,13.61,+,-,-,Reinvestor
DRREDDY,Mar 2019,2101.0,1.47,High Quality,4.98,Moderate,66.11,+,-,-,Reinvestor
DRREDDY,Mar 2020,2489.0,1.47,High Quality,2.83,Asset Light,100.48,+,-,-,Reinvestor
DRREDDY,Mar 2021,1315.0,1.83,High Quality,11.84,Capital Intensive,33.94,+,-,-,Reinvestor
DRREDDY,Mar 2022,246.0,1.29,High Quality,11.91,Capital Intensive,6.53,+,-,-,Reinvestor
DRREDDY,Mar 2023,1779.0,1.31,High Quality,16.66,Capital Intensive,27.5,+,-,-,Reinvestor
DRREDDY,Mar 2024,509.0,0.81,Moderate,14.4,Capital Intensive,6.42,+,-,-,Reinvestor
EICHERMOT,Dec 2012,-277.0,1.04,High Quality,12.1,Capital Intensive,-50.36,+,-,-,Reinvestor
EICHERMOT,Dec 2013,-74.0,1.36,High Quality,11.6,Capital Intensive,-10.35,+,-,-,Reinvestor
EICHERMOT,Dec 2014,-167.0,1.49,High Quality,13.89,Capital Intensive,-14.94,+,-,-,Reinvestor
EICHERMOT,Mar 2016,462.0,1.09,High Quality,16.22,Capital Intensive,27.34,+,-,-,Reinvestor
EICHERMOT,Mar 2017,-36.0,1.02,High Quality,24.8,Capital Intensive,-1.66,+,-,+,Growth Funded by Debt
EICHERMOT,Mar 2018,337.0,1.27,High Quality,23.93,Capital Intensive,12.0,+,-,-,Reinvestor
EICHERMOT,Mar 2019,915.0,0.71,Moderate,6.74,Moderate,31.51,+,-,-,Reinvestor
EICHERMOT,Mar 2020,186.0,0.93,Moderate,16.47,Capital Intensive,8.52,+,-,-,Reinvestor
EICHERMOT,Mar 2021,66.0,1.26,High Quality,18.64,Capital Intensive,3.7,+,-,-,Reinvestor
EICHERMOT,Mar 2022,544.0,0.91,Moderate,9.55,Capital Intensive,24.98,+,-,-,Reinvestor
EICHERMOT,Mar 2023,426.0,0.97,Moderate,16.6,Capital Intensive,12.36,+,-,-,Reinvestor
EICHERMOT,Mar 2024,890.0,0.93,Moderate,17.14,Capital Intensive,20.56,+,-,-,Reinvestor
GAIL,Mar 2013,-2023.0,1.51,High Quality,16.92,Capital Intensive,-27.24,+,-,+,Growth Funded by Debt
GAIL,Mar 2014,149.0,0.96,Moderate,7.23,Moderate,1.87,+,-,-,Reinvestor
GAIL,Mar 2015,1405.0,1.33,High Quality,4.64,Moderate,24.95,+,-,-,Reinvestor
GAIL,Mar 2016,3056.0,2.11,High Quality,1.74,Asset Light,67.37,+,-,-,Reinvestor
GAIL,Mar 2017,5690.0,1.79,High Quality,0.69,Asset Light,94.5,+,-,-,Reinvestor
GAIL,Mar 2018,6109.0,1.82,High Quality,4.88,Moderate,78.3,+,-,-,Reinvestor
GAIL,Mar 2019,2283.0,1.22,High Quality,7.48,Moderate,22.97,+,-,-,Reinvestor
GAIL,Mar 2020,46.0,0.88,Moderate,11.44,Capital Intensive,0.51,+,-,+,Growth Funded by Debt
GAIL,Mar 2021,4353.0,1.46,High Quality,8.09,Capital Intensive,60.08,+,-,-,Reinvestor
GAIL,Mar 2022,3930.0,0.77,Moderate,5.92,Moderate,25.92,+,-,-,Reinvestor
GAIL,Mar 2023,-4248.0,0.57,Moderate,5.12,Moderate,-56.64,+,-,+,Growth Funded by Debt
GAIL,Mar 2024,4360.0,1.27,High Quality,6.17,Moderate,30.46,+,-,-,Reinvestor
GODREJCP,Mar 2013,-45.0,0.97,Moderate,13.49,Capital Intensive,-4.52,+,-,+,Growth Funded by Debt
GODREJCP,Mar 2014,622.0,1.36,High Quality,6.5,Moderate,53.21,+,-,-,Reinvestor
GODREJCP,Mar 2015,-209.0,1.05,High Quality,14.94,Capital Intensive,-15.16,+,-,-,Reinvestor
GODREJCP,Mar 2016,225.0,1.02,High Quality,7.38,Moderate,13.58,+,-,-,Reinvestor
GODREJCP,Mar 2017,-383.0,1.42,High Quality,24.2,Capital Intensive,-20.08,+,-,+,Growth Funded by Debt
GODREJCP,Mar 2018,1387.0,1.05,High Quality,3.41,Moderate,66.55,+,-,-,Reinvestor
GODREJCP,Mar 2019,2003.0,0.74,Moderate,2.66,Asset Light,93.95,+,+,-,Liquidating Assets
GODREJCP,Mar 2020,1036.0,1.06,High Quality,5.57,Moderate,48.1,+,-,-,Reinvestor
GODREJCP,Mar 2021,1738.0,1.18,High Quality,2.65,Asset Light,72.45,+,-,-,Reinvestor
GODREJCP,Mar 2022,607.0,0.81,Moderate,6.88,Moderate,25.2,+,-,-,Reinvestor
GODREJCP,Mar 2023,397.0,1.26,High Quality,13.17,Capital Intensive,16.25,+,-,-,Reinvestor
GODREJCP,Mar 2024,-1365.0,-3.69,Accrual Risk,24.37,Capital Intensive,-46.16,+,-,+,Growth Funded by Debt
GRASIM,Mar 2013,-1445.0,1.12,High Quality,20.38,Capital Intensive,-24.39,+,-,+,Growth Funded by Debt
GRASIM,Mar 2014,1213.0,1.2,High Quality,8.25,Capital Intensive,24.68,+,-,-,Reinvestor
GRASIM,Mar 2015,2235.0,1.78,High Quality,7.43,Moderate,43.45,+,-,-,Reinvestor
GRASIM,Mar 2016,1353.0,1.7,High Quality,13.09,Capital Intensive,22.89,+,-,-,Reinvestor
GRASIM,Mar 2017,3779.0,1.72,High Quality,9.73,Capital Intensive,51.16,+,-,-,Reinvestor
GRASIM,Mar 2018,-2594.0,-1.12,Accrual Risk,2.77,Asset Light,-22.34,-,+,+,Distress Signal
GRASIM,Mar 2019,-3871.0,-0.6,Accrual Risk,2.87,Asset Light,-23.26,-,-,+,Mixed
GRASIM,Mar 2020,5256.0,2.5,High Quality,16.65,Capital Intensive,50.67,+,-,-,Reinvestor
GRASIM,Mar 2021,7929.0,2.16,High Quality,9.35,Capital Intensive,42.55,+,-,-,Reinvestor
GRASIM,Mar 2022,5985.0,0.63,Moderate,1.1,Asset Light,29.29,+,-,-,Reinvestor
GRASIM,Mar 2023,-26397.0,-1.15,Accrual Risk,11.66,Capital Intensive,-122.27,-,-,+,Mixed
GRASIM,Mar 2024,-33833.0,-1.08,Accrual Risk,17.65,Capital Intensive,-124.41,-,-,+,Mixed
HAL,Mar 2017,2598.0,-0.16,Accrual Risk,16.83,Capital Intensive,80.28,-,+,-,Mixed
HAL,Mar 2018,-140.0,-0.37,Accrual Risk,3.21,Moderate,-4.05,-,+,-,Mixed
HAL,Mar 2019,-2402.0,-3.28,Accrual Risk,26.45,Capital Intensive,-52.57,-,+,+,Distress Signal
HAL,Mar 2020,203.0,0.54,Moderate,6.22,Moderate,4.16,+,-,+,Growth Funded by Debt
HAL,Mar 2021,13934.0,4.67,High Quality,5.2,Moderate,260.89,+,-,-,Reinvestor
HAL,Mar 2022,-2609.0,2.0,High Quality,51.95,Capital Intensive,-48.14,+,-,-,Reinvestor
HAL,Mar 2023,3102.0,1.52,High Quality,21.29,Capital Intensive,46.51,+,-,-,Reinvestor
HAL,Mar 2024,1814.0,1.08,High Quality,21.11,Capital Intensive,18.61,+,-,-,Reinvestor
HAVELLS,Mar 2013,494.0,1.1,High Quality,2.02,Asset Light,73.29,+,-,-,Reinvestor
HAVELLS,Mar 2014,492.0,1.95,High Quality,4.67,Moderate,63.32,+,-,-,Reinvestor
HAVELLS,Mar 2015,478.0,2.5,High Quality,5.73,Moderate,63.31,+,-,-,Reinvestor
HAVELLS,Mar 2016,392.0,0.39,Accrual Risk,1.59,Asset Light,49.25,+,-,-,Reinvestor
HAVELLS,Mar 2017,547.0,1.55,High Quality,3.59,Moderate,67.12,+,-,-,Reinvestor
HAVELLS,Mar 2018,154.0,1.66,High Quality,11.66,Capital Intensive,14.91,+,-,-,Reinvestor
HAVELLS,Mar 2019,686.0,0.64,Moderate,1.84,Asset Light,57.7,+,+,-,Liquidating Assets
HAVELLS,Mar 2020,279.0,1.13,High Quality,5.81,Moderate,26.15,+,-,-,Reinvestor
HAVELLS,Mar 2021,-103.0,0.63,Moderate,7.3,Moderate,-6.48,+,-,+,Growth Funded by Debt
HAVELLS,Mar 2022,969.0,1.44,High Quality,5.45,Moderate,54.59,+,-,-,Reinvestor
HAVELLS,Mar 2023,596.0,0.53,Moderate,0.18,Asset Light,36.77,+,+,-,Liquidating Assets
HAVELLS,Mar 2024,335.0,1.54,High Quality,8.7,Capital Intensive,17.81,+,-,-,Reinvestor
HCLTECH,Jun 2013,2131.0,1.11,High Quality,9.23,Capital Intensive,37.52,+,-,-,Reinvestor
HCLTECH,Jun 2014,1615.0,0.99,Moderate,15.06,Capital Intensive,20.1,+,-,-,Reinvestor
HCLTECH,Jun 2015,3451.0,0.75,Moderate,5.69,Moderate,40.67,+,-,-,Reinvestor
HCLTECH,Mar 2017,5105.0,1.05,High Quality,8.18,Capital Intensive,49.13,+,-,-,Reinvestor
HCLTECH,Mar 2018,6092.0,0.95,Moderate,4.42,Moderate,54.17,+,-,-,Reinvestor
HCLTECH,Mar 2019,5715.0,0.89,Moderate,5.39,Moderate,41.04,+,-,-,Reinvestor
HCLTECH,Mar 2020,1027.0,1.21,High Quality,17.45,Capital Intensive,5.93,+,-,-,Reinvestor
HCLTECH,Mar 2021,13953.0,1.76,High Quality,7.52,Moderate,69.6,+,-,-,Reinvestor
HCLTECH,Mar 2022,18497.0,1.25,High Quality,1.86,Asset Light,90.1,+,+,-,Liquidating Assets
HCLTECH,Mar 2023,14436.0,1.21,High Quality,3.52,Moderate,63.8,+,-,-,Reinvestor
HCLTECH,Mar 2024,15840.0,1.43,High Quality,6.01,Moderate,65.46,+,-,-,Reinvestor
HDFCBANK,Mar 2013,-6749.0,-0.85,Accrual Risk,2.52,Asset Light,-53.43,-,-,+,Mixed
HDFCBANK,Mar 2014,3112.0,0.48,Accrual Risk,2.58,Asset Light,23.04,+,-,+,Growth Funded by Debt
HDFCBANK,Mar 2015,-22081.0,-1.99,Accrual Risk,1.58,Asset Light,-136.61,-,-,+,Mixed
HDFCBANK,Mar 2016,-35272.0,-2.69,Accrual Risk,1.33,Asset Light,-175.88,-,-,+,Mixed
HDFCBANK,Mar 2017,16136.0,1.13,High Quality,1.56,Asset Light,67.64,+,-,-,Reinvestor
HDFCBANK,Mar 2018,16372.0,0.93,Moderate,0.99,Asset Light,55.44,+,-,+,Growth Funded by Debt
HDFCBANK,Mar 2019,-64375.0,-2.8,Accrual Risk,1.43,Asset Light,-184.69,-,-,+,Mixed
HDFCBANK,Mar 2020,-18272.0,-0.62,Accrual Risk,1.15,Asset Light,-40.19,-,-,+,Mixed
HDFCBANK,Mar 2021,40653.0,1.33,High Quality,1.42,Asset Light,77.5,+,-,-,Reinvestor
HDFCBANK,Mar 2022,-14011.0,-0.31,Accrual Risk,1.51,Asset Light,-24.77,-,-,+,Mixed
HDFCBANK,Mar 2023,17822.0,0.45,Accrual Risk,1.75,Asset Light,28.27,+,-,+,Growth Funded by Debt
HDFCBANK,Mar 2024,35669.0,0.29,Accrual Risk,5.85,Moderate,20.48,+,+,-,Liquidating Assets
HDFCLIFE,Mar 2013,,,Accrual Risk,,Capital Intensive,,-,-,-,Pre-Revenue
HDFCLIFE,Mar 2014,,,Accrual Risk,,Capital Intensive,,-,-,-,Pre-Revenue
HDFCLIFE,Mar 2015,945.0,5.67,High Quality,12.91,Capital Intensive,3.59,+,-,-,Reinvestor
HDFCLIFE,Mar 2016,1725.0,6.96,High Quality,21.84,Capital Intensive,10.04,+,-,-,Reinvestor
HDFCLIFE,Mar 2017,1053.0,7.02,High Quality,16.89,Capital Intensive,3.55,+,-,-,Reinvestor
HDFCLIFE,Mar 2018,2318.0,6.09,High Quality,13.7,Capital Intensive,7.43,+,-,-,Reinvestor
HDFCLIFE,Mar 2019,-314.0,7.72,High Quality,26.21,Capital Intensive,-0.83,+,-,-,Reinvestor
HDFCLIFE,Mar 2020,-401.0,5.7,High Quality,26.51,Capital Intensive,-1.42,+,-,+,Growth Funded by Debt
HDFCLIFE,Mar 2021,751.0,7.13,High Quality,12.52,Capital Intensive,1.07,+,-,+,Growth Funded by Debt
HDFCLIFE,Mar 2022,5142.0,4.48,High Quality,1.19,Asset Light,7.75,+,-,-,Reinvestor
HDFCLIFE,Mar 2023,-3188.0,5.03,High Quality,14.34,Capital Intensive,-4.55,+,-,+,Growth Funded by Debt
HDFCLIFE,Mar 2024,-2893.0,6.81,High Quality,13.42,Capital Intensive,-2.87,+,-,-,Reinvestor
HEROMOTOCO,Mar 2014,1347.0,1.41,High Quality,6.39,Moderate,6.2,+,-,-,Reinvestor
HEROMOTOCO,Mar 2015,2217.0,0.92,Moderate,0.11,Asset Light,9.23,+,+,-,Liquidating Assets
HEROMOTOCO,Mar 2016,1422.0,1.2,High Quality,8.08,Capital Intensive,5.92,+,-,-,Reinvestor
HEROMOTOCO,Mar 2017,2035.0,1.13,High Quality,6.89,Moderate,8.47,+,-,-,Reinvestor
HEROMOTOCO,Mar 2018,2159.0,1.08,High Quality,5.72,Moderate,7.96,+,-,-,Reinvestor
HEROMOTOCO,Mar 2019,2330.0,0.3,Accrual Risk,3.82,Moderate,8.05,+,+,-,Liquidating Assets
HEROMOTOCO,Mar 2020,2699.0,1.51,High Quality,9.64,Capital Intensive,10.72,+,-,-,Reinvestor
HEROMOTOCO,Mar 2021,1821.0,1.4,High Quality,7.39,Moderate,6.77,+,-,-,Reinvestor
HEROMOTOCO,Mar 2022,1882.0,0.9,Moderate,0.75,Asset Light,7.16,+,-,-,Reinvestor
HEROMOTOCO,Mar 2023,2193.0,0.93,Moderate,1.23,Asset Light,7.3,+,-,-,Reinvestor
HEROMOTOCO,Mar 2024,3095.0,1.32,High Quality,4.84,Moderate,9.51,+,-,-,Reinvestor
HINDALCO,Mar 2013,-10824.0,0.99,Moderate,17.21,Capital Intensive,-14.93,+,-,+,Growth Funded by Debt
HINDALCO,Mar 2014,-139.0,3.62,High Quality,9.23,Capital Intensive,-0.17,+,-,+,Growth Funded by Debt
HINDALCO,Mar 2015,3270.0,27.58,High Quality,3.71,Moderate,3.43,+,-,-,Reinvestor
HINDALCO,Mar 2016,8468.0,-16.65,Accrual Risk,3.26,Moderate,9.31,+,-,-,Reinvestor
HINDALCO,Mar 2017,9811.0,6.74,High Quality,2.87,Asset Light,11.17,+,-,-,Reinvestor
HINDALCO,Mar 2018,16231.0,1.79,High Quality,4.63,Moderate,15.99,+,+,-,Liquidating Assets
HINDALCO,Mar 2019,6521.0,2.18,High Quality,4.18,Moderate,5.67,+,-,-,Reinvestor
HINDALCO,Mar 2020,5518.0,3.38,High Quality,6.12,Moderate,5.31,+,-,+,Growth Funded by Debt
HINDALCO,Mar 2021,-8048.0,4.95,High Quality,19.15,Capital Intensive,-7.03,+,-,-,Reinvestor
HINDALCO,Mar 2022,10065.0,1.23,High Quality,3.47,Moderate,6.04,+,-,-,Reinvestor
HINDALCO,Mar 2023,11649.0,1.9,High Quality,3.39,Moderate,5.81,+,-,-,Reinvestor
HINDALCO,Mar 2024,9789.0,2.37,High Quality,6.61,Moderate,5.1,+,-,-,Reinvestor
HINDUNILVR,Mar 2013,3668.0,0.94,Moderate,0.23,Asset Light,16.1,+,+,-,Liquidating Assets
HINDUNILVR,Mar 2014,3343.0,0.97,Moderate,1.62,Asset Light,13.66,+,-,-,Reinvestor
HINDUNILVR,Mar 2015,3430.0,0.75,Moderate,0.43,Asset Light,12.91,+,+,-,Liquidating Assets
HINDUNILVR,Mar 2016,3889.0,1.0,High Quality,0.88,Asset Light,14.8,+,-,-,Reinvestor
HINDUNILVR,Mar 2017,4012.0,1.15,High Quality,3.54,Moderate,14.95,+,-,-,Reinvestor
HINDUNILVR,Mar 2018,4996.0,1.16,High Quality,2.99,Asset Light,17.81,+,-,-,Reinvestor
HINDUNILVR,Mar 2019,5362.0,0.96,Moderate,1.11,Asset Light,17.62,+,-,-,Reinvestor
HINDUNILVR,Mar 2020,9414.0,1.13,High Quality,4.5,Moderate,31.46,+,+,-,Liquidating Assets
HINDUNILVR,Mar 2021,7935.0,1.15,High Quality,2.61,Asset Light,22.41,+,-,-,Reinvestor
HINDUNILVR,Mar 2022,7320.0,1.02,High Quality,3.29,Moderate,18.49,+,-,-,Reinvestor
HINDUNILVR,Mar 2023,8507.0,0.99,Moderate,2.45,Asset Light,18.32,+,-,-,Reinvestor
HINDUNILVR,Mar 2024,10145.0,1.5,High Quality,8.6,Capital Intensive,21.48,+,-,-,Reinvestor
ICICIBANK,Mar 2013,-1069.0,1.73,High Quality,41.36,Capital Intensive,-3.37,+,-,+,Growth Funded by Debt
ICICIBANK,Mar 2014,-8985.0,0.58,Moderate,31.83,Capital Intensive,-27.35,+,-,+,Growth Funded by Debt
ICICIBANK,Mar 2015,-25448.0,-0.95,Accrual Risk,23.97,Capital Intensive,-65.65,-,-,+,Mixed
ICICIBANK,Mar 2016,11585.0,2.16,High Quality,20.34,Capital Intensive,22.17,+,-,+,Growth Funded by Debt
ICICIBANK,Mar 2017,50925.0,4.64,High Quality,2.81,Asset Light,79.77,+,-,-,Reinvestor
ICICIBANK,Mar 2018,-31168.0,2.13,High Quality,81.32,Capital Intensive,-42.81,+,-,+,Growth Funded by Debt
ICICIBANK,Mar 2019,18389.0,8.56,High Quality,42.07,Capital Intensive,21.95,+,-,-,Reinvestor
ICICIBANK,Mar 2020,37470.0,7.09,High Quality,49.62,Capital Intensive,43.9,+,-,+,Growth Funded by Debt
ICICIBANK,Mar 2021,74384.0,6.78,High Quality,71.36,Capital Intensive,81.46,+,-,-,Reinvestor
ICICIBANK,Mar 2022,18663.0,2.19,High Quality,41.35,Capital Intensive,23.1,+,-,+,Growth Funded by Debt
ICICIBANK,Mar 2023,-71460.0,-0.11,Accrual Risk,55.91,Capital Intensive,-81.33,-,-,+,Mixed
ICICIBANK,Mar 2024,12547.0,3.41,High Quality,90.74,Capital Intensive,12.6,+,-,+,Growth Funded by Debt
ICICIGI,Mar 2013,22.0,2.79,High Quality,23.98,Capital Intensive,0.52,+,-,+,Growth Funded by Debt
ICICIGI,Mar 2014,-111.0,1.14,High Quality,16.22,Capital Intensive,-2.42,+,-,+,Growth Funded by Debt
ICICIGI,Mar 2015,73.0,-0.17,Accrual Risk,4.04,Moderate,1.64,-,+,-,Mixed
ICICIGI,Mar 2016,201.0,1.01,High Quality,5.14,Moderate,3.81,+,-,-,Reinvestor
ICICIGI,Mar 2017,-362.0,2.32,High Quality,26.46,Capital Intensive,-5.48,+,-,+,Growth Funded by Debt
ICICIGI,Mar 2018,494.0,2.77,High Quality,27.43,Capital Intensive,6.89,+,-,-,Reinvestor
ICICIGI,Mar 2019,120.0,2.84,High Quality,25.58,Capital Intensive,1.26,+,-,-,Reinvestor
ICICIGI,Mar 2020,51.0,2.88,High Quality,29.37,Capital Intensive,0.52,+,-,-,Reinvestor
ICICIGI,Mar 2021,407.0,1.2,High Quality,11.24,Capital Intensive,4.03,+,-,-,Reinvestor
ICICIGI,Mar 2022,944.0,0.64,Moderate,0.84,Asset Light,6.29,+,+,-,Liquidating Assets
ICICIGI,Mar 2023,605.0,1.32,High Quality,9.43,Capital Intensive,3.64,+,-,-,Reinvestor
ICICIGI,Mar 2024,486.0,1.25,High Quality,9.38,Capital Intensive,2.71,+,-,-,Reinvestor
ICICIPRULI,Mar 2013,-1077.0,-1.74,Accrual Risk,7.81,Moderate,-5.59,-,+,-,Mixed
ICICIPRULI,Mar 2014,3630.0,-1.53,Accrual Risk,27.47,Capital Intensive,17.81,-,+,-,Mixed
ICICIPRULI,Mar 2015,-1299.0,0.32,Accrual Risk,5.29,Moderate,-3.96,+,-,-,Reinvestor
ICICIPRULI,Mar 2016,3661.0,2.2,High Quality,0.13,Asset Light,19.26,+,+,-,Liquidating Assets
ICICIPRULI,Mar 2017,3434.0,2.46,High Quality,1.84,Asset Light,9.54,+,-,-,Reinvestor
ICICIPRULI,Mar 2018,301.0,3.51,High Quality,13.88,Capital Intensive,0.81,+,-,-,Reinvestor
ICICIPRULI,Mar 2019,3818.0,9.99,High Quality,18.23,Capital Intensive,9.33,+,-,-,Reinvestor
ICICIPRULI,Mar 2020,-2201.0,8.06,High Quality,51.35,Capital Intensive,-10.31,+,-,-,Reinvestor
ICICIPRULI,Mar 2021,2230.0,7.65,High Quality,6.11,Moderate,2.67,+,-,+,Growth Funded by Debt
ICICIPRULI,Mar 2022,1015.0,2.41,High Quality,1.28,Asset Light,1.54,+,-,-,Reinvestor
ICICIPRULI,Mar 2023,-1056.0,0.11,Accrual Risk,2.27,Asset Light,-2.02,+,-,-,Reinvestor
ICICIPRULI,Mar 2024,105.0,-8.6,Accrual Risk,8.22,Capital Intensive,0.11,-,+,-,Mixed
INDUSINDBK,Mar 2013,-660.0,-0.46,Accrual Risk,2.49,Asset Light,-33.9,-,-,+,Mixed
INDUSINDBK,Mar 2014,-4280.0,-2.92,Accrual Risk,2.11,Asset Light,-167.51,-,-,+,Mixed
INDUSINDBK,Mar 2015,-1697.0,-0.79,Accrual Risk,2.85,Asset Light,-54.17,-,-,+,Mixed
INDUSINDBK,Mar 2016,-3185.0,-1.28,Accrual Risk,2.17,Asset Light,-76.05,-,-,+,Mixed
INDUSINDBK,Mar 2017,11284.0,4.03,High Quality,1.98,Asset Light,198.52,+,-,-,Reinvestor
INDUSINDBK,Mar 2018,-20917.0,-5.74,Accrual Risk,1.26,Asset Light,-319.1,-,-,+,Mixed
INDUSINDBK,Mar 2019,-7022.0,-1.94,Accrual Risk,2.84,Asset Light,-75.64,-,-,+,Mixed
INDUSINDBK,Mar 2020,-11513.0,-2.72,Accrual Risk,1.83,Asset Light,-91.29,-,+,+,Distress Signal
INDUSINDBK,Mar 2021,44420.0,15.74,High Quality,0.78,Asset Light,277.68,+,-,-,Reinvestor
INDUSINDBK,Mar 2022,16249.0,3.6,High Quality,1.14,Asset Light,102.58,+,-,-,Reinvestor
INDUSINDBK,Mar 2023,-12879.0,-1.68,Accrual Risk,1.21,Asset Light,-82.96,-,-,+,Mixed
INDUSINDBK,Mar 2024,-17468.0,-1.88,Accrual Risk,1.37,Asset Light,-99.04,-,-,-,Pre-Revenue
INFY,Mar 2013,4451.0,0.78,Moderate,7.24,Moderate,38.58,+,-,-,Reinvestor
INFY,Mar 2014,7262.0,0.92,Moderate,5.11,Moderate,54.23,+,-,-,Reinvestor
INFY,Mar 2015,9352.0,0.68,Moderate,1.87,Asset Light,62.84,+,+,-,Liquidating Assets
INFY,Mar 2016,9143.0,0.74,Moderate,1.42,Asset Light,53.53,+,-,-,Reinvestor
INFY,Mar 2017,-3133.0,0.8,Moderate,21.41,Capital Intensive,-16.84,+,-,-,Reinvestor
INFY,Mar 2018,17751.0,0.82,Moderate,6.43,Moderate,94.31,+,+,-,Liquidating Assets
INFY,Mar 2019,14209.0,0.96,Moderate,0.76,Asset Light,70.45,+,-,-,Reinvestor
INFY,Mar 2020,16672.0,1.02,High Quality,0.36,Asset Light,74.87,+,-,-,Reinvestor
INFY,Mar 2021,15851.0,1.2,High Quality,7.34,Moderate,56.84,+,-,-,Reinvestor
INFY,Mar 2022,17400.0,1.08,High Quality,5.33,Moderate,55.25,+,-,-,Reinvestor
INFY,Mar 2023,21396.0,0.93,Moderate,0.73,Asset Light,60.91,+,-,-,Reinvestor
INFY,Mar 2024,20117.0,0.96,Moderate,3.31,Moderate,55.23,+,-,-,Reinvestor
IOC,Mar 2013,46.0,2.58,High Quality,2.01,Asset Light,0.33,+,-,+,Growth Funded by Debt
IOC,Mar 2014,5601.0,3.47,High Quality,3.81,Moderate,32.52,+,-,-,Reinvestor
IOC,Mar 2015,35877.0,9.46,High Quality,2.27,Asset Light,339.26,+,-,-,Reinvestor
IOC,Mar 2016,12014.0,2.06,High Quality,3.93,Moderate,54.51,+,-,-,Reinvestor
IOC,Mar 2017,10532.0,1.38,High Quality,4.98,Moderate,30.84,+,-,-,Reinvestor
IOC,Mar 2018,11996.0,1.29,High Quality,4.06,Moderate,28.8,+,-,-,Reinvestor
IOC,Mar 2019,-9822.0,0.74,Moderate,4.27,Moderate,-27.85,+,-,+,Growth Funded by Debt
IOC,Mar 2020,-21955.0,-3.81,Accrual Risk,6.02,Moderate,-136.77,+,-,+,Growth Funded by Debt
IOC,Mar 2021,26715.0,2.28,High Quality,6.3,Moderate,66.91,+,-,-,Reinvestor
IOC,Mar 2022,4453.0,1.0,High Quality,3.61,Moderate,9.32,+,-,-,Reinvestor
IOC,Mar 2023,1614.0,2.53,High Quality,3.33,Moderate,5.26,+,-,-,Reinvestor
IOC,Mar 2024,39635.0,1.65,High Quality,4.05,Moderate,52.4,+,-,-,Reinvestor
IRCTC,Mar 2015,23.0,0.53,Moderate,4.34,Moderate,15.13,+,-,-,Reinvestor
IRCTC,Mar 2016,295.0,1.52,High Quality,0.51,Asset Light,155.26,+,+,-,Liquidating Assets
IRCTC,Mar 2017,432.0,1.48,High Quality,6.18,Moderate,137.58,+,+,-,Liquidating Assets
IRCTC,Mar 2018,64.0,0.11,Accrual Risk,2.73,Asset Light,23.36,+,+,-,Liquidating Assets
IRCTC,Mar 2019,146.0,1.61,High Quality,18.88,Capital Intensive,38.12,+,-,-,Reinvestor
IRCTC,Mar 2020,417.0,0.8,Moderate,0.35,Asset Light,59.32,+,+,-,Liquidating Assets
IRCTC,Mar 2021,-205.0,1.33,High Quality,58.3,Capital Intensive,-109.04,+,-,-,Reinvestor
IRCTC,Mar 2022,282.0,0.79,Moderate,12.88,Capital Intensive,32.27,+,-,-,Reinvestor
IRCTC,Mar 2023,495.0,0.81,Moderate,8.95,Capital Intensive,38.79,+,-,-,Reinvestor
IRCTC,Mar 2024,667.0,0.79,Moderate,5.04,Moderate,45.5,+,-,-,Reinvestor
IRFC,Mar 2016,-16376.0,-19.29,Accrual Risk,0.03,Asset Light,-219.28,-,+,+,Distress Signal
IRFC,Mar 2017,-19453.0,-20.83,Accrual Risk,0.02,Asset Light,-215.64,-,+,+,Distress Signal
IRFC,Mar 2018,-28074.0,-13.66,Accrual Risk,0.02,Asset Light,-304.19,-,+,+,Distress Signal
IRFC,Mar 2019,-41747.0,-18.51,Accrual Risk,0.01,Asset Light,-376.61,-,+,+,Distress Signal
IRFC,Mar 2020,-62700.0,-19.64,Accrual Risk,0.01,Asset Light,-469.49,-,+,+,Distress Signal
IRFC,Mar 2021,-89907.0,-20.36,Accrual Risk,0.0,Asset Light,-574.23,-,+,+,Distress Signal
IRFC,Mar 2022,-64417.0,-10.58,Accrual Risk,0.02,Asset Light,-319.26,-,-,+,Mixed
IRFC,Mar 2023,-28588.0,-4.64,Accrual Risk,0.0,Asset Light,-121.2,-,+,+,Distress Signal
IRFC,Mar 2024,7906.0,1.23,High Quality,0.03,Asset Light,29.82,+,-,-,Reinvestor
ITC,Mar 2013,3221.0,0.92,Moderate,12.27,Capital Intensive,28.71,+,-,-,Reinvestor
ITC,Mar 2014,4090.0,0.82,Moderate,9.22,Capital Intensive,31.27,+,-,-,Reinvestor
ITC,Mar 2015,4568.0,1.01,High Quality,13.59,Capital Intensive,32.05,+,-,-,Reinvestor
ITC,Mar 2016,5878.0,1.03,High Quality,10.0,Capital Intensive,40.45,+,-,-,Reinvestor
ITC,Mar 2017,7376.0,1.01,High Quality,7.6,Moderate,47.68,+,-,-,Reinvestor
ITC,Mar 2018,6055.0,1.15,High Quality,16.37,Capital Intensive,36.65,+,-,-,Reinvestor
ITC,Mar 2019,7037.0,0.98,Moderate,11.47,Capital Intensive,37.96,+,-,-,Reinvestor
ITC,Mar 2020,8516.0,0.94,Moderate,12.5,Capital Intensive,44.02,+,-,-,Reinvestor
ITC,Mar 2021,18267.0,0.94,Moderate,11.65,Capital Intensive,107.04,+,+,-,Liquidating Assets
ITC,Mar 2022,13538.0,1.02,High Quality,3.69,Moderate,65.65,+,-,-,Reinvestor
ITC,Mar 2023,13146.0,0.97,Moderate,8.08,Capital Intensive,51.14,+,-,-,Reinvestor
ITC,Mar 2024,18742.0,0.83,Moderate,2.21,Asset Light,71.44,+,+,-,Liquidating Assets
JINDALSTEL,Mar 2013,-6069.0,1.19,High Quality,48.42,Capital Intensive,-99.39,+,-,+,Growth Funded by Debt
JINDALSTEL,Mar 2014,-8114.0,2.42,High Quality,65.82,Capital Intensive,-139.92,+,-,+,Growth Funded by Debt
JINDALSTEL,Mar 2015,-5535.0,-0.81,Accrual Risk,34.62,Capital Intensive,-101.3,+,-,+,Growth Funded by Debt
JINDALSTEL,Mar 2016,2071.0,-1.4,Accrual Risk,11.62,Capital Intensive,60.26,+,-,-,Reinvestor
JINDALSTEL,Mar 2017,4852.0,-2.7,Accrual Risk,9.25,Capital Intensive,103.04,+,-,-,Reinvestor
JINDALSTEL,Mar 2018,6293.0,-4.78,Accrual Risk,4.3,Moderate,97.28,+,-,-,Reinvestor
JINDALSTEL,Mar 2019,8195.0,-3.74,Accrual Risk,1.77,Asset Light,97.42,+,-,-,Reinvestor
JINDALSTEL,Mar 2020,7338.0,-22.04,Accrual Risk,3.89,Moderate,107.42,+,-,-,Reinvestor
JINDALSTEL,Mar 2021,10077.0,2.8,High Quality,5.45,Moderate,92.17,+,-,-,Reinvestor
JINDALSTEL,Mar 2022,13717.0,2.37,High Quality,4.56,Moderate,88.41,+,-,-,Reinvestor
JINDALSTEL,Mar 2023,3257.0,1.85,High Quality,7.69,Moderate,32.76,+,-,-,Reinvestor
JINDALSTEL,Mar 2024,-2336.0,1.01,High Quality,16.57,Capital Intensive,-22.9,+,-,+,Growth Funded by Debt
JIOFIN,Mar 2023,945.0,66.29,High Quality,2466.67,Capital Intensive,2423.08,+,-,-,Reinvestor
JIOFIN,Mar 2024,763.0,-0.42,Accrual Risk,77.68,Capital Intensive,48.94,-,+,-,Mixed
JSWENERGY,Mar 2013,781.0,1.91,High Quality,10.64,Capital Intensive,27.88,+,-,-,Reinvestor
JSWENERGY,Mar 2014,1906.0,2.99,High Quality,4.2,Moderate,58.56,+,-,-,Reinvestor
JSWENERGY,Mar 2015,2972.0,2.5,High Quality,4.51,Moderate,82.01,+,-,-,Reinvestor
JSWENERGY,Mar 2016,266.0,2.42,High Quality,33.31,Capital Intensive,6.6,+,-,-,Reinvestor
JSWENERGY,Mar 2017,3091.0,6.18,High Quality,9.22,Capital Intensive,92.99,+,-,-,Reinvestor
JSWENERGY,Mar 2018,3719.0,46.28,High Quality,2.67,Asset Light,137.08,+,-,-,Reinvestor
JSWENERGY,Mar 2019,2436.0,3.64,High Quality,0.6,Asset Light,85.32,+,-,-,Reinvestor
JSWENERGY,Mar 2020,2383.0,1.93,High Quality,3.64,Moderate,80.59,+,+,-,Liquidating Assets
JSWENERGY,Mar 2021,2670.0,4.5,High Quality,14.88,Capital Intensive,91.66,+,-,-,Reinvestor
JSWENERGY,Mar 2022,1565.0,1.69,High Quality,16.98,Capital Intensive,43.81,+,-,-,Reinvestor
JSWENERGY,Mar 2023,-4694.0,1.41,High Quality,65.6,Capital Intensive,-143.02,+,-,+,Growth Funded by Debt
JSWENERGY,Mar 2024,-1963.0,3.61,High Quality,71.37,Capital Intensive,-36.47,+,-,+,Growth Funded by Debt
JSWSTEEL,Mar 2013,411.0,6.29,High Quality,14.22,Capital Intensive,6.31,+,-,-,Reinvestor
JSWSTEEL,Mar 2014,-3024.0,6.45,High Quality,10.97,Capital Intensive,-32.98,+,-,+,Growth Funded by Debt
JSWSTEEL,Mar 2015,504.0,4.57,High Quality,13.92,Capital Intensive,5.38,+,-,-,Reinvestor
JSWSTEEL,Mar 2016,3040.0,-14.34,Accrual Risk,9.28,Capital Intensive,47.34,+,-,-,Reinvestor
JSWSTEEL,Mar 2017,2794.0,2.28,High Quality,9.16,Capital Intensive,22.7,+,-,-,Reinvestor
JSWSTEEL,Mar 2018,7850.0,2.03,High Quality,6.3,Moderate,52.63,+,-,-,Reinvestor
JSWSTEEL,Mar 2019,3246.0,1.94,High Quality,13.43,Capital Intensive,17.15,+,-,+,Growth Funded by Debt
JSWSTEEL,Mar 2020,-6804.0,3.26,High Quality,26.71,Capital Intensive,-57.6,+,-,+,Growth Funded by Debt
JSWSTEEL,Mar 2021,11087.0,2.39,High Quality,9.65,Capital Intensive,54.95,+,-,-,Reinvestor
JSWSTEEL,Mar 2022,11522.0,1.25,High Quality,10.08,Capital Intensive,29.46,+,-,-,Reinvestor
JSWSTEEL,Mar 2023,12593.0,5.63,High Quality,6.47,Moderate,68.18,+,-,-,Reinvestor
JSWSTEEL,Mar 2024,-2389.0,1.35,High Quality,8.27,Capital Intensive,-8.48,+,-,-,Reinvestor
KOTAKBANK,Mar 2013,-6157.0,1.29,High Quality,83.36,Capital Intensive,-93.25,+,-,+,Growth Funded by Debt
KOTAKBANK,Mar 2014,7938.0,3.59,High Quality,9.43,Capital Intensive,112.55,+,-,-,Reinvestor
KOTAKBANK,Mar 2015,-2165.0,0.74,Moderate,33.54,Capital Intensive,-22.28,+,-,+,Growth Funded by Debt
KOTAKBANK,Mar 2016,2672.0,1.43,High Quality,11.53,Capital Intensive,23.15,+,-,+,Growth Funded by Debt
KOTAKBANK,Mar 2017,7933.0,2.63,High Quality,23.69,Capital Intensive,53.49,+,-,+,Growth Funded by Debt
KOTAKBANK,Mar 2018,-15867.0,-1.66,Accrual Risk,21.79,Capital Intensive,-94.42,-,-,+,Mixed
KOTAKBANK,Mar 2019,-1501.0,0.25,Accrual Risk,11.14,Capital Intensive,-7.6,+,-,+,Growth Funded by Debt
KOTAKBANK,Mar 2020,33551.0,5.43,High Quality,39.04,Capital Intensive,148.6,+,-,-,Reinvestor
KOTAKBANK,Mar 2021,-6291.0,0.49,Accrual Risk,34.04,Capital Intensive,-21.1,+,-,-,Reinvestor
KOTAKBANK,Mar 2022,-2595.0,0.69,Moderate,32.31,Capital Intensive,-8.45,+,-,+,Growth Funded by Debt
KOTAKBANK,Mar 2023,-11623.0,-0.08,Accrual Risk,24.63,Capital Intensive,-34.71,-,-,+,Mixed
KOTAKBANK,Mar 2024,6766.0,0.86,Moderate,15.86,Capital Intensive,14.38,+,-,+,Growth Funded by Debt
LICI,Mar 2019,22910.0,5.05,High Quality,1.69,Asset Light,386.99,+,+,-,Liquidating Assets
LICI,Mar 2020,13952.0,20.06,High Quality,6.44,Moderate,-200.83,+,-,-,Reinvestor
LICI,Mar 2021,229049.0,27.1,High Quality,21.49,Capital Intensive,-90892.46,+,+,-,Liquidating Assets
LICI,Mar 2022,8748.0,-0.92,Accrual Risk,1.73,Asset Light,263.02,-,+,+,Distress Signal
LICI,Mar 2023,1671.0,1.51,High Quality,6.74,Moderate,4.88,+,-,-,Reinvestor
LICI,Mar 2024,853.0,0.64,Moderate,2.99,Asset Light,2.6,+,-,-,Reinvestor
LODHA,Mar 2016,-467.0,0.55,Moderate,10.35,Capital Intensive,-21.97,+,-,+,Growth Funded by Debt
LODHA,Mar 2017,295.0,2.52,High Quality,14.81,Capital Intensive,18.28,+,-,-,Reinvestor
LODHA,Mar 2018,45.0,0.88,Moderate,6.73,Moderate,2.68,+,-,+,Growth Funded by Debt
LODHA,Mar 2019,-638.0,-0.28,Accrual Risk,1.47,Asset Light,-20.07,-,-,+,Mixed
LODHA,Mar 2020,3954.0,5.08,High Quality,1.46,Asset Light,206.26,+,+,-,Liquidating Assets
LODHA,Mar 2021,2944.0,52.58,High Quality,7.71,Moderate,212.87,+,+,-,Liquidating Assets
LODHA,Mar 2022,3137.0,1.65,High Quality,12.34,Capital Intensive,143.5,+,+,-,Liquidating Assets
LODHA,Mar 2023,4539.0,5.61,High Quality,18.89,Capital Intensive,219.91,+,+,-,Liquidating Assets
LODHA,Mar 2024,-435.0,1.62,High Quality,28.57,Capital Intensive,-16.32,+,-,+,Growth Funded by Debt
LT,Mar 2013,-11277.0,-0.82,Accrual Risk,9.3,Capital Intensive,-98.97,-,-,+,Mixed
LT,Mar 2014,-12653.0,-1.46,Accrual Risk,6.48,Moderate,-89.83,-,-,+,Mixed
LT,Mar 2015,-6143.0,-0.27,Accrual Risk,5.2,Moderate,-39.17,-,-,+,Mixed
LT,Mar 2016,-7867.0,-0.71,Accrual Risk,4.58,Moderate,-50.8,-,-,+,Mixed
LT,Mar 2017,-3141.0,1.03,High Quality,8.96,Capital Intensive,-18.9,+,-,+,Growth Funded by Debt
LT,Mar 2018,-6117.0,-1.25,Accrual Risk,3.27,Moderate,-30.42,-,+,+,Distress Signal
LT,Mar 2019,-15779.0,-0.47,Accrual Risk,8.15,Capital Intensive,-69.01,-,-,+,Mixed
LT,Mar 2020,-1714.0,0.61,Moderate,5.78,Moderate,-6.98,+,-,+,Growth Funded by Debt
LT,Mar 2021,17324.0,1.79,High Quality,4.23,Moderate,73.84,+,-,-,Reinvestor
LT,Mar 2022,15579.0,1.84,High Quality,2.29,Asset Light,64.07,+,-,-,Reinvestor
LT,Mar 2023,14729.0,1.82,High Quality,4.39,Moderate,54.22,+,-,-,Reinvestor
LT,Mar 2024,20445.0,1.17,High Quality,0.99,Asset Light,68.46,+,+,-,Liquidating Assets
LTIM,Mar 2013,384.0,1.08,High Quality,5.82,Moderate,44.14,+,-,-,Reinvestor
LTIM,Mar 2014,808.0,0.63,Moderate,3.66,Moderate,70.44,+,+,-,Liquidating Assets
LTIM,Mar 2015,539.0,0.83,Moderate,2.07,Asset Light,53.63,+,-,-,Reinvestor
LTIM,Mar 2016,818.0,1.03,High Quality,0.68,Asset Light,79.57,+,-,-,Reinvestor
LTIM,Mar 2017,209.0,1.2,High Quality,14.78,Capital Intensive,16.99,+,-,-,Reinvestor
LTIM,Mar 2018,392.0,0.76,Moderate,6.19,Moderate,33.02,+,-,-,Reinvestor
LTIM,Mar 2019,646.0,0.92,Moderate,7.93,Moderate,34.31,+,-,-,Reinvestor
LTIM,Mar 2020,1001.0,1.08,High Quality,5.91,Moderate,49.33,+,-,-,Reinvestor
LTIM,Mar 2021,743.0,1.24,High Quality,13.4,Capital Intensive,27.27,+,-,-,Reinvestor
LTIM,Mar 2022,1608.0,0.82,Moderate,6.29,Moderate,30.63,+,-,-,Reinvestor
LTIM,Mar 2023,2824.0,0.7,Moderate,0.82,Asset Light,46.23,+,-,-,Reinvestor
LTIM,Mar 2024,1752.0,1.24,High Quality,11.03,Capital Intensive,27.43,+,-,-,Reinvestor
M&M,Mar 2013,-3825.0,-0.22,Accrual Risk,4.23,Moderate,-41.96,-,-,+,Mixed
M&M,Mar 2014,-4768.0,-0.05,Accrual Risk,6.11,Moderate,-46.88,-,-,+,Mixed
M&M,Mar 2015,-3302.0,0.31,Accrual Risk,6.1,Moderate,-37.55,+,-,+,Growth Funded by Debt
M&M,Mar 2016,-3121.0,0.67,Moderate,7.26,Moderate,-30.96,+,-,+,Growth Funded by Debt
M&M,Mar 2017,-5692.0,0.05,Accrual Risk,7.01,Moderate,-53.02,+,-,+,Growth Funded by Debt
M&M,Mar 2018,-4785.0,0.09,Accrual Risk,5.94,Moderate,-36.18,+,-,+,Growth Funded by Debt
M&M,Mar 2019,-11521.0,-0.72,Accrual Risk,6.85,Moderate,-75.76,-,-,+,Mixed
M&M,Mar 2020,-8327.0,4.54,High Quality,9.11,Capital Intensive,-81.97,-,-,+,Mixed
M&M,Mar 2021,-1777.0,11.84,High Quality,26.5,Capital Intensive,-15.47,+,-,+,Growth Funded by Debt
M&M,Mar 2022,5996.0,1.28,High Quality,3.61,Moderate,40.84,+,-,-,Reinvestor
M&M,Mar 2023,-15940.0,-0.62,Accrual Risk,7.31,Moderate,-78.58,-,-,+,Mixed
M&M,Mar 2024,-11245.0,-0.46,Accrual Risk,4.04,Moderate,-45.18,-,-,+,Mixed
MARUTI,Mar 2013,940.0,1.64,High Quality,7.04,Moderate,21.55,+,-,-,Reinvestor
MARUTI,Mar 2014,-2.0,1.75,High Quality,11.22,Capital Intensive,-0.04,+,-,-,Reinvestor
MARUTI,Mar 2015,1958.0,1.69,High Quality,8.84,Capital Intensive,28.41,+,-,-,Reinvestor
MARUTI,Mar 2016,1252.0,1.54,High Quality,12.55,Capital Intensive,13.87,+,-,-,Reinvestor
MARUTI,Mar 2017,1109.0,1.37,High Quality,13.47,Capital Intensive,10.64,+,-,-,Reinvestor
MARUTI,Mar 2018,3486.0,1.5,High Quality,10.4,Capital Intensive,28.77,+,-,-,Reinvestor
MARUTI,Mar 2019,3061.0,0.86,Moderate,4.11,Moderate,27.69,+,-,-,Reinvestor
MARUTI,Mar 2020,2939.0,0.62,Moderate,0.74,Asset Light,39.96,+,-,-,Reinvestor
MARUTI,Mar 2021,1565.0,2.02,High Quality,10.36,Capital Intensive,28.92,+,-,-,Reinvestor
MARUTI,Mar 2022,1601.0,0.47,Accrual Risk,0.27,Asset Light,27.83,+,-,-,Reinvestor
MARUTI,Mar 2023,1995.0,1.31,High Quality,7.45,Moderate,15.2,+,-,-,Reinvestor
MARUTI,Mar 2024,4936.0,1.25,High Quality,8.36,Capital Intensive,26.5,+,-,-,Reinvestor
MOTHERSON,Mar 2013,397.0,3.29,High Quality,4.3,Moderate,26.82,+,-,-,Reinvestor
MOTHERSON,Mar 2014,1323.0,2.46,High Quality,4.51,Moderate,55.19,+,-,-,Reinvestor
MOTHERSON,Mar 2015,546.0,2.62,High Quality,8.21,Capital Intensive,19.2,+,-,+,Growth Funded by Debt
MOTHERSON,Mar 2016,282.0,1.23,High Quality,5.12,Moderate,7.95,+,-,-,Reinvestor
MOTHERSON,Mar 2017,-2345.0,1.75,High Quality,14.5,Capital Intensive,-56.22,+,-,+,Growth Funded by Debt
MOTHERSON,Mar 2018,70.0,1.44,High Quality,5.67,Moderate,1.37,+,-,-,Reinvestor
MOTHERSON,Mar 2019,994.0,2.06,High Quality,5.22,Moderate,18.59,+,-,-,Reinvestor
MOTHERSON,Mar 2020,4132.0,4.91,High Quality,3.66,Moderate,88.78,+,-,-,Reinvestor
MOTHERSON,Mar 2021,3165.0,3.22,High Quality,3.29,Moderate,72.43,+,-,-,Reinvestor
MOTHERSON,Mar 2022,159.0,2.08,High Quality,3.61,Moderate,3.37,+,-,-,Reinvestor
MOTHERSON,Mar 2023,2395.0,2.78,High Quality,2.85,Asset Light,38.31,+,-,-,Reinvestor
MOTHERSON,Mar 2024,925.0,2.51,High Quality,6.73,Moderate,9.92,+,-,+,Growth Funded by Debt
NAUKRI,Mar 2013,29.0,0.99,Moderate,9.75,Capital Intensive,23.97,+,-,-,Reinvestor
NAUKRI,Mar 2014,-123.0,1.35,High Quality,35.98,Capital Intensive,-126.8,+,-,+,Growth Funded by Debt
NAUKRI,Mar 2015,-1000.0,-3.64,Accrual Risk,143.58,Capital Intensive,-4761.9,+,-,+,Growth Funded by Debt
NAUKRI,Mar 2016,76.0,0.66,Moderate,0.27,Asset Light,83.52,+,-,-,Reinvestor
NAUKRI,Mar 2017,48.0,-4.95,Accrual Risk,18.58,Capital Intensive,-533.33,+,-,-,Reinvestor
NAUKRI,Mar 2018,104.0,0.5,Moderate,15.08,Capital Intensive,47.49,+,-,-,Reinvestor
NAUKRI,Mar 2019,217.0,0.47,Accrual Risk,5.13,Moderate,2411.11,+,-,-,Reinvestor
NAUKRI,Mar 2020,447.0,-1.42,Accrual Risk,7.39,Moderate,-127.71,+,+,-,Liquidating Assets
NAUKRI,Mar 2021,-1767.0,0.19,Accrual Risk,181.12,Capital Intensive,-2387.84,+,-,+,Growth Funded by Debt
NAUKRI,Mar 2022,-470.0,0.05,Accrual Risk,74.07,Capital Intensive,-105.38,+,-,+,Growth Funded by Debt
NAUKRI,Mar 2023,154.0,-7.31,Accrual Risk,15.26,Capital Intensive,44.25,+,-,+,Growth Funded by Debt
NAUKRI,Mar 2024,-150.0,1.18,High Quality,33.6,Capital Intensive,-21.1,+,-,+,Growth Funded by Debt
NESTLEIND,Dec 2013,1355.0,1.61,High Quality,4.85,Moderate,69.56,+,-,-,Reinvestor
NESTLEIND,Dec 2014,1212.0,1.39,High Quality,4.38,Moderate,59.44,+,-,-,Reinvestor
NESTLEIND,Dec 2015,1028.0,1.95,High Quality,0.86,Asset Light,66.11,+,-,-,Reinvestor
NESTLEIND,Dec 2016,1340.0,1.46,High Quality,1.38,Asset Light,72.43,+,-,-,Reinvestor
NESTLEIND,Dec 2017,1687.0,1.48,High Quality,1.31,Asset Light,80.45,+,-,-,Reinvestor
NESTLEIND,Dec 2018,2000.0,1.28,High Quality,0.46,Asset Light,76.39,+,-,-,Reinvestor
NESTLEIND,Dec 2019,2378.0,1.17,High Quality,0.67,Asset Light,81.27,+,+,-,Liquidating Assets
NESTLEIND,Dec 2020,2133.0,1.18,High Quality,2.4,Asset Light,66.61,+,-,-,Reinvestor
NESTLEIND,Dec 2021,316.0,1.06,High Quality,13.02,Capital Intensive,8.87,+,-,-,Reinvestor
NESTLEIND,Dec 2022,2345.0,1.14,High Quality,2.32,Asset Light,63.28,+,-,-,Reinvestor
NESTLEIND,Dec 2023,2465.0,1.13,High Quality,4.85,Moderate,55.13,+,-,-,Reinvestor
NESTLEIND,Mar 2024,2938.0,1.06,High Quality,5.07,Moderate,50.54,+,-,-,Reinvestor
NHPC,Mar 2013,1516.0,0.99,Moderate,20.84,Capital Intensive,36.51,+,-,-,Reinvestor
NHPC,Mar 2014,2702.0,2.34,High Quality,15.18,Capital Intensive,62.23,+,-,-,Reinvestor
NHPC,Mar 2015,3293.0,1.45,High Quality,9.34,Capital Intensive,64.14,+,-,-,Reinvestor
NHPC,Mar 2016,5225.0,2.52,High Quality,8.93,Capital Intensive,109.24,+,-,-,Reinvestor
NHPC,Mar 2017,6465.0,2.39,High Quality,21.62,Capital Intensive,132.37,+,-,-,Reinvestor
NHPC,Mar 2018,3810.0,1.69,High Quality,11.42,Capital Intensive,89.69,+,-,-,Reinvestor
NHPC,Mar 2019,2642.0,1.35,High Quality,13.16,Capital Intensive,53.04,+,-,-,Reinvestor
NHPC,Mar 2020,6.0,0.89,Moderate,29.85,Capital Intensive,0.11,+,-,+,Growth Funded by Debt
NHPC,Mar 2021,3463.0,1.41,High Quality,16.66,Capital Intensive,65.62,+,-,-,Reinvestor
NHPC,Mar 2022,1506.0,1.22,High Quality,33.73,Capital Intensive,37.53,+,-,-,Reinvestor
NHPC,Mar 2023,514.0,1.1,High Quality,39.51,Capital Intensive,8.31,+,-,-,Reinvestor
NHPC,Mar 2024,970.0,1.72,High Quality,61.96,Capital Intensive,20.18,+,-,-,Reinvestor
NTPC,Mar 2013,-337.0,1.31,High Quality,23.55,Capital Intensive,-1.86,+,-,+,Growth Funded by Debt
NTPC,Mar 2014,1022.0,1.45,High Quality,19.8,Capital Intensive,5.18,+,-,-,Reinvestor
NTPC,Mar 2015,-1088.0,1.49,High Quality,19.98,Capital Intensive,-6.27,+,-,-,Reinvestor
NTPC,Mar 2016,4963.0,2.24,High Quality,26.11,Capital Intensive,26.73,+,-,-,Reinvestor
NTPC,Mar 2017,-4313.0,1.88,High Quality,29.84,Capital Intensive,-19.97,+,-,+,Growth Funded by Debt
NTPC,Mar 2018,-1008.0,1.87,High Quality,23.48,Capital Intensive,-4.48,+,-,+,Growth Funded by Debt
NTPC,Mar 2019,-5377.0,1.33,High Quality,23.99,Capital Intensive,-23.68,+,-,+,Growth Funded by Debt
NTPC,Mar 2020,-5738.0,2.01,High Quality,27.07,Capital Intensive,-18.17,+,-,+,Growth Funded by Debt
NTPC,Mar 2021,11410.0,2.17,High Quality,18.86,Capital Intensive,33.52,+,-,-,Reinvestor
NTPC,Mar 2022,18897.0,2.46,High Quality,17.25,Capital Intensive,46.82,+,-,-,Reinvestor
NTPC,Mar 2023,21007.0,2.75,High Quality,14.84,Capital Intensive,44.14,+,-,-,Reinvestor
NTPC,Mar 2024,8644.0,1.91,High Quality,18.01,Capital Intensive,16.8,+,-,-,Reinvestor
ONGC,Mar 2013,-1346.0,1.66,High Quality,25.45,Capital Intensive,-3.09,+,-,-,Reinvestor
ONGC,Mar 2014,-10363.0,2.0,High Quality,36.55,Capital Intensive,-21.09,+,-,+,Growth Funded by Debt
ONGC,Mar 2015,3892.0,1.92,High Quality,18.68,Capital Intensive,9.2,+,-,-,Reinvestor
ONGC,Mar 2016,8036.0,3.53,High Quality,30.84,Capital Intensive,20.53,+,-,-,Reinvestor
ONGC,Mar 2017,1965.0,1.57,High Quality,15.51,Capital Intensive,3.72,+,-,-,Reinvestor
ONGC,Mar 2018,-10006.0,2.18,High Quality,20.7,Capital Intensive,-17.59,+,-,+,Growth Funded by Debt
ONGC,Mar 2019,24326.0,1.81,High Quality,8.81,Capital Intensive,32.51,+,-,-,Reinvestor
ONGC,Mar 2020,17434.0,6.16,High Quality,13.4,Capital Intensive,33.46,+,-,-,Reinvestor
ONGC,Mar 2021,8044.0,2.21,High Quality,12.88,Capital Intensive,16.26,+,-,-,Reinvestor
ONGC,Mar 2022,37051.0,1.59,High Quality,8.39,Capital Intensive,46.39,+,-,-,Reinvestor
ONGC,Mar 2023,11372.0,2.63,High Quality,11.81,Capital Intensive,15.06,+,-,-,Reinvestor
ONGC,Mar 2024,42060.0,1.74,High Quality,9.67,Capital Intensive,40.9,+,-,-,Reinvestor
PFC,Mar 2013,-25080.0,-5.66,Accrual Risk,0.13,Asset Light,-418.91,-,+,+,Distress Signal
PFC,Mar 2014,-22464.0,-4.11,Accrual Risk,0.04,Asset Light,-295.31,-,+,+,Distress Signal
PFC,Mar 2015,-21946.0,-3.57,Accrual Risk,1.96,Asset Light,-260.36,-,-,+,Mixed
PFC,Mar 2016,-15271.0,-2.15,Accrual Risk,7.08,Moderate,-166.68,-,-,+,Mixed
PFC,Mar 2017,1128.0,0.8,Moderate,2.42,Asset Light,21.38,+,-,+,Growth Funded by Debt
PFC,Mar 2018,-55739.0,-6.5,Accrual Risk,2.9,Asset Light,-474.29,-,+,+,Distress Signal
PFC,Mar 2019,-93715.0,-6.35,Accrual Risk,24.88,Capital Intensive,-526.99,-,-,+,Mixed
PFC,Mar 2020,-42221.0,-4.45,Accrual Risk,0.12,Asset Light,-301.32,-,-,+,Mixed
PFC,Mar 2021,-57402.0,-3.76,Accrual Risk,2.43,Asset Light,-288.87,-,+,+,Distress Signal
PFC,Mar 2022,4357.0,0.26,Accrual Risk,0.72,Asset Light,18.67,+,-,-,Reinvestor
PFC,Mar 2023,-76411.0,-3.53,Accrual Risk,2.18,Asset Light,-288.33,-,-,+,Mixed
PFC,Mar 2024,-101229.0,-3.7,Accrual Risk,3.73,Moderate,-301.52,-,-,+,Mixed
PIDILITIND,Mar 2013,328.0,1.11,High Quality,3.92,Moderate,58.78,+,-,-,Reinvestor
PIDILITIND,Mar 2014,295.0,0.88,Moderate,2.31,Asset Light,43.9,+,-,-,Reinvestor
PIDILITIND,Mar 2015,116.0,1.07,High Quality,9.0,Capital Intensive,15.05,+,-,-,Reinvestor
PIDILITIND,Mar 2016,416.0,1.12,High Quality,9.16,Capital Intensive,35.46,+,-,-,Reinvestor
PIDILITIND,Mar 2017,-85.0,0.92,Moderate,15.65,Capital Intensive,-6.74,+,-,+,Growth Funded by Debt
PIDILITIND,Mar 2018,835.0,0.82,Moderate,0.64,Asset Light,62.27,+,+,-,Liquidating Assets
PIDILITIND,Mar 2019,332.0,0.91,Moderate,7.25,Moderate,24.22,+,-,-,Reinvestor
PIDILITIND,Mar 2020,1383.0,1.14,High Quality,1.41,Asset Light,87.75,+,+,-,Liquidating Assets
PIDILITIND,Mar 2021,-296.0,1.24,High Quality,23.15,Capital Intensive,-17.56,+,-,-,Reinvestor
PIDILITIND,Mar 2022,397.0,0.79,Moderate,5.62,Moderate,21.39,+,-,-,Reinvestor
PIDILITIND,Mar 2023,659.0,1.21,High Quality,7.62,Moderate,33.18,+,-,-,Reinvestor
PIDILITIND,Mar 2024,955.0,1.56,High Quality,14.29,Capital Intensive,35.27,+,-,-,Reinvestor
PNB,Mar 2013,-1292.0,-0.14,Accrual Risk,1.39,Asset Light,,-,-,-,Pre-Revenue
PNB,Mar 2014,16604.0,4.6,High Quality,0.67,Asset Light,,+,-,+,Growth Funded by Debt
PNB,Mar 2015,3942.0,1.37,High Quality,1.79,Asset Light,,+,-,+,Growth Funded by Debt
PNB,Mar 2016,12815.0,-4.04,Accrual Risk,2.66,Asset Light,,+,-,+,Growth Funded by Debt
PNB,Mar 2017,22097.0,17.71,High Quality,0.33,Asset Light,,+,+,-,Liquidating Assets
PNB,Mar 2018,-1350.0,0.14,Accrual Risk,0.8,Asset Light,,-,+,+,Distress Signal
PNB,Mar 2019,-34161.0,3.51,High Quality,1.21,Asset Light,,-,-,+,Mixed
PNB,Mar 2020,-13131.0,-26.38,Accrual Risk,0.62,Asset Light,,-,-,+,Mixed
PNB,Mar 2021,30163.0,11.48,High Quality,0.96,Asset Light,,+,-,+,Growth Funded by Debt
PNB,Mar 2022,18828.0,5.13,High Quality,1.58,Asset Light,,+,-,+,Growth Funded by Debt
PNB,Mar 2023,21860.0,6.73,High Quality,0.84,Asset Light,,+,-,+,Growth Funded by Debt
PNB,Mar 2024,-29445.0,-3.05,Accrual Risk,1.38,Asset Light,,-,-,+,Mixed
POWERGRID,Mar 2013,-10394.0,2.71,High Quality,168.83,Capital Intensive,-95.91,+,-,+,Growth Funded by Debt
POWERGRID,Mar 2014,-11416.0,3.35,High Quality,171.26,Capital Intensive,-88.04,+,-,+,Growth Funded by Debt
POWERGRID,Mar 2015,-8385.0,3.13,High Quality,137.88,Capital Intensive,-56.17,+,-,+,Growth Funded by Debt
POWERGRID,Mar 2016,-6568.0,2.52,High Quality,104.47,Capital Intensive,-36.12,+,-,+,Growth Funded by Debt
POWERGRID,Mar 2017,-2261.0,2.9,High Quality,92.76,Capital Intensive,-10.07,+,-,+,Growth Funded by Debt
POWERGRID,Mar 2018,-2991.0,2.77,High Quality,85.8,Capital Intensive,-11.52,+,-,+,Growth Funded by Debt
POWERGRID,Mar 2019,4544.0,2.32,High Quality,53.42,Capital Intensive,16.88,+,-,-,Reinvestor
POWERGRID,Mar 2020,20006.0,2.78,High Quality,28.44,Capital Intensive,60.83,+,-,-,Reinvestor
POWERGRID,Mar 2021,20159.0,2.44,High Quality,23.32,Capital Intensive,57.75,+,-,-,Reinvestor
POWERGRID,Mar 2022,26877.0,1.55,High Quality,1.81,Asset Light,75.02,+,+,-,Liquidating Assets
POWERGRID,Mar 2023,33065.0,2.61,High Quality,15.65,Capital Intensive,83.55,+,-,-,Reinvestor
POWERGRID,Mar 2024,24176.0,2.39,High Quality,28.61,Capital Intensive,60.7,+,-,-,Reinvestor
RECLTD,Mar 2013,-19907.0,-5.23,Accrual Risk,1.11,Asset Light,-150.02,-,+,+,Distress Signal
RECLTD,Mar 2014,-17108.0,-3.64,Accrual Risk,0.79,Asset Light,-102.75,-,+,+,Distress Signal
RECLTD,Mar 2015,-23747.0,-4.47,Accrual Risk,0.74,Asset Light,-122.44,-,+,+,Distress Signal
RECLTD,Mar 2016,-14034.0,-2.33,Accrual Risk,3.13,Moderate,-62.53,-,-,+,Mixed
RECLTD,Mar 2017,6704.0,1.08,High Quality,0.41,Asset Light,29.86,+,-,-,Reinvestor
RECLTD,Mar 2018,-32464.0,-7.3,Accrual Risk,0.2,Asset Light,-168.39,-,+,+,Distress Signal
RECLTD,Mar 2019,-35409.0,-6.25,Accrual Risk,1.8,Asset Light,-149.37,-,+,+,Distress Signal
RECLTD,Mar 2020,-32591.0,-6.58,Accrual Risk,0.4,Asset Light,-125.54,-,+,+,Distress Signal
RECLTD,Mar 2021,-42651.0,-5.19,Accrual Risk,2.42,Asset Light,-132.19,-,+,+,Distress Signal
RECLTD,Mar 2022,-1106.0,-0.08,Accrual Risk,0.73,Asset Light,-3.21,-,-,+,Mixed
RECLTD,Mar 2023,-38303.0,-3.35,Accrual Risk,2.39,Asset Light,-101.79,-,-,+,Mixed
RECLTD,Mar 2024,-59554.0,-4.08,Accrual Risk,3.85,Moderate,-124.37,-,-,+,Mixed
RELIANCE,Mar 2013,9317.0,1.77,High Quality,6.97,Moderate,28.1,+,-,+,Growth Funded by Debt
RELIANCE,Mar 2014,-29809.0,1.92,High Quality,16.86,Capital Intensive,-85.33,+,-,+,Growth Funded by Debt
RELIANCE,Mar 2015,-30332.0,1.45,High Quality,17.28,Capital Intensive,-81.0,+,-,+,Growth Funded by Debt
RELIANCE,Mar 2016,1948.0,1.28,High Quality,13.28,Capital Intensive,4.66,+,-,-,Reinvestor
RELIANCE,Mar 2017,-16651.0,1.66,High Quality,21.78,Capital Intensive,-35.96,+,-,+,Growth Funded by Debt
RELIANCE,Mar 2018,3267.0,1.98,High Quality,17.45,Capital Intensive,5.08,+,-,-,Reinvestor
RELIANCE,Mar 2019,-52161.0,1.06,High Quality,16.63,Capital Intensive,-61.91,+,-,+,Growth Funded by Debt
RELIANCE,Mar 2020,22380.0,2.38,High Quality,12.15,Capital Intensive,25.07,+,-,-,Reinvestor
RELIANCE,Mar 2021,-115427.0,0.5,Moderate,30.53,Capital Intensive,-142.87,+,-,+,Growth Funded by Debt
RELIANCE,Mar 2022,1492.0,1.63,High Quality,15.71,Capital Intensive,1.37,+,-,+,Growth Funded by Debt
RELIANCE,Mar 2023,22031.0,1.55,High Quality,10.61,Capital Intensive,15.48,+,-,+,Growth Funded by Debt
RELIANCE,Mar 2024,45207.0,2.01,High Quality,12.63,Capital Intensive,27.82,+,-,-,Reinvestor
SBILIFE,Mar 2013,903.0,1.79,High Quality,1.53,Asset Light,211.48,+,-,-,Reinvestor
SBILIFE,Mar 2014,-542.0,0.23,Accrual Risk,4.1,Moderate,-106.07,+,-,-,Reinvestor
SBILIFE,Mar 2015,2533.0,3.33,High Quality,0.76,Asset Light,319.02,+,-,-,Reinvestor
SBILIFE,Mar 2016,-1426.0,6.85,High Quality,37.28,Capital Intensive,-155.0,+,-,-,Reinvestor
SBILIFE,Mar 2017,-507.0,8.93,High Quality,29.57,Capital Intensive,-47.47,+,-,-,Reinvestor
SBILIFE,Mar 2018,1485.0,9.04,High Quality,26.15,Capital Intensive,111.49,+,-,-,Reinvestor
SBILIFE,Mar 2019,-79.0,10.15,High Quality,30.38,Capital Intensive,-5.36,+,-,-,Reinvestor
SBILIFE,Mar 2020,2313.0,13.57,High Quality,38.78,Capital Intensive,171.21,+,-,-,Reinvestor
SBILIFE,Mar 2021,4675.0,16.4,High Quality,23.44,Capital Intensive,536.12,+,-,+,Growth Funded by Debt
SBILIFE,Mar 2022,241.0,14.51,High Quality,26.04,Capital Intensive,33.01,+,-,-,Reinvestor
SBILIFE,Mar 2023,-1547.0,16.65,High Quality,37.46,Capital Intensive,-1268.03,+,-,-,Reinvestor
SBILIFE,Mar 2024,-2099.0,15.38,High Quality,23.65,Capital Intensive,-853.25,+,-,-,Reinvestor
SBIN,Mar 2013,22061.0,1.31,High Quality,1.35,Asset Light,-430.54,+,-,-,Reinvestor
SBIN,Mar 2014,18351.0,1.29,High Quality,0.42,Asset Light,-125.57,+,-,+,Growth Funded by Debt
SBIN,Mar 2015,22873.0,1.47,High Quality,1.65,Asset Light,-104.54,+,-,-,Reinvestor
SBIN,Mar 2016,11730.0,1.11,High Quality,1.25,Asset Light,-36.2,+,-,+,Growth Funded by Debt
SBIN,Mar 2017,72834.0,-798.0,Accrual Risk,1.98,Asset Light,-113.21,+,-,-,Reinvestor
SBIN,Mar 2018,-83455.0,25.74,High Quality,5.7,Moderate,96.26,-,+,+,Distress Signal
SBIN,Mar 2019,29776.0,8.82,High Quality,0.09,Asset Light,-43.37,+,+,+,Cash Accumulator
SBIN,Mar 2020,23374.0,1.13,High Quality,0.21,Asset Light,-36.42,+,-,+,Growth Funded by Debt
SBIN,Mar 2021,86249.0,3.76,High Quality,1.32,Asset Light,-121.97,+,-,+,Growth Funded by Debt
SBIN,Mar 2022,55043.0,1.55,High Quality,0.91,Asset Light,-86.59,+,-,-,Reinvestor
SBIN,Mar 2023,-86980.0,-1.49,Accrual Risk,0.28,Asset Light,200.23,-,-,+,Mixed
SBIN,Mar 2024,18156.0,0.31,Accrual Risk,0.79,Asset Light,-30.11,+,-,-,Reinvestor
SHREECEM,Jun 2013,990.0,1.25,High Quality,4.98,Moderate,63.42,+,-,-,Reinvestor
SHREECEM,Jun 2014,167.0,1.78,High Quality,21.59,Capital Intensive,12.01,+,-,-,Reinvestor
SHREECEM,Jun 2015,249.0,2.91,High Quality,15.82,Capital Intensive,18.53,+,-,-,Reinvestor
SHREECEM,Mar 2017,154.0,1.64,High Quality,23.83,Capital Intensive,6.13,+,-,-,Reinvestor
SHREECEM,Mar 2018,-1716.0,1.36,High Quality,36.56,Capital Intensive,-69.39,+,-,+,Growth Funded by Debt
SHREECEM,Mar 2019,1360.0,2.05,High Quality,5.73,Moderate,48.62,+,-,-,Reinvestor
SHREECEM,Mar 2020,-1617.0,2.57,High Quality,43.44,Capital Intensive,-42.88,+,-,+,Growth Funded by Debt
SHREECEM,Mar 2021,1603.0,1.82,High Quality,19.55,Capital Intensive,39.18,+,-,-,Reinvestor
SHREECEM,Mar 2022,525.0,2.1,High Quality,14.28,Capital Intensive,14.15,+,-,-,Reinvestor
SHREECEM,Mar 2023,164.0,1.08,High Quality,13.47,Capital Intensive,5.54,+,-,-,Reinvestor
SHREECEM,Mar 2024,1929.0,1.93,High Quality,6.91,Moderate,42.7,+,-,-,Reinvestor
SHRIRAMFIN,Mar 2013,-8400.0,-5.71,Accrual Risk,0.58,Asset Light,-385.5,-,-,+,Mixed
SHRIRAMFIN,Mar 2014,-4167.0,-2.99,Accrual Risk,1.32,Asset Light,-208.45,-,-,+,Mixed
SHRIRAMFIN,Mar 2015,-9656.0,-9.35,Accrual Risk,0.49,Asset Light,-571.02,-,-,+,Mixed
SHRIRAMFIN,Mar 2016,-5543.0,-4.65,Accrual Risk,0.35,Asset Light,-303.89,-,-,+,Mixed
SHRIRAMFIN,Mar 2017,-2679.0,-2.11,Accrual Risk,0.02,Asset Light,-135.85,-,-,+,Mixed
SHRIRAMFIN,Mar 2018,-13056.0,-5.16,Accrual Risk,0.64,Asset Light,-343.13,-,+,+,Distress Signal
SHRIRAMFIN,Mar 2019,-5611.0,-2.15,Accrual Risk,0.49,Asset Light,-147.62,-,-,+,Mixed
SHRIRAMFIN,Mar 2020,-2519.0,-0.98,Accrual Risk,0.33,Asset Light,-70.66,-,-,+,Mixed
SHRIRAMFIN,Mar 2021,-4264.0,-1.7,Accrual Risk,0.14,Asset Light,-125.34,-,-,+,Mixed
SHRIRAMFIN,Mar 2022,-8893.0,-3.26,Accrual Risk,0.18,Asset Light,-242.58,-,-,+,Mixed
SHRIRAMFIN,Mar 2023,-12549.0,-2.93,Accrual Risk,16.65,Capital Intensive,-142.62,-,+,+,Distress Signal
SHRIRAMFIN,Mar 2024,-31359.0,-4.2,Accrual Risk,0.71,Asset Light,-298.0,-,-,+,Mixed
SIEMENS,Sep 2011,267.0,0.0,Accrual Risk,2.21,Asset Light,22.8,+,+,-,Liquidating Assets
SIEMENS,Sep 2014,738.0,1.01,High Quality,1.22,Asset Light,620.17,+,+,-,Liquidating Assets
SIEMENS,Sep 2015,1220.0,0.49,Accrual Risk,6.12,Moderate,122.24,+,+,-,Liquidating Assets
SIEMENS,Sep 2016,750.0,0.18,Accrual Risk,2.19,Asset Light,73.46,+,+,-,Liquidating Assets
SIEMENS,Sep 2017,1894.0,0.5,Moderate,11.94,Capital Intensive,179.36,+,+,-,Liquidating Assets
SIEMENS,Sep 2018,-74.0,0.11,Accrual Risk,1.36,Asset Light,-5.58,+,-,-,Reinvestor
SIEMENS,Sep 2019,138.0,1.16,High Quality,8.67,Capital Intensive,9.26,+,-,-,Reinvestor
SIEMENS,Sep 2020,1591.0,0.94,Moderate,8.76,Capital Intensive,158.62,+,+,-,Liquidating Assets
SIEMENS,Sep 2021,-967.0,1.31,High Quality,18.1,Capital Intensive,-66.6,+,-,-,Reinvestor
SIEMENS,Sep 2022,944.0,0.63,Moderate,0.21,Asset Light,50.75,+,-,-,Reinvestor
SIEMENS,Sep 2023,641.0,0.71,Moderate,3.88,Moderate,25.77,+,-,-,Reinvestor
SIEMENS,Sep 2024,1168.0,0.61,Moderate,2.26,Asset Light,37.63,+,-,-,Reinvestor
SUNPHARMA,Mar 2013,982.0,0.97,Moderate,21.34,Capital Intensive,20.53,+,-,-,Reinvestor
SUNPHARMA,Mar 2014,1783.0,1.02,High Quality,13.53,Capital Intensive,25.46,+,-,+,Growth Funded by Debt
SUNPHARMA,Mar 2015,4114.0,1.03,High Quality,5.48,Moderate,52.12,+,-,-,Reinvestor
SUNPHARMA,Mar 2016,2737.0,1.18,High Quality,13.86,Capital Intensive,33.48,+,-,-,Reinvestor
SUNPHARMA,Mar 2017,2896.0,0.9,Moderate,13.26,Capital Intensive,28.67,+,-,-,Reinvestor
SUNPHARMA,Mar 2018,803.0,1.54,High Quality,11.72,Capital Intensive,14.26,+,-,-,Reinvestor
SUNPHARMA,Mar 2019,1886.0,0.68,Moderate,1.07,Asset Light,29.58,+,-,-,Reinvestor
SUNPHARMA,Mar 2020,4330.0,1.57,High Quality,6.78,Moderate,62.01,+,-,-,Reinvestor
SUNPHARMA,Mar 2021,6577.0,2.72,High Quality,1.21,Asset Light,77.65,+,+,-,Liquidating Assets
SUNPHARMA,Mar 2022,3429.0,2.65,High Quality,14.37,Capital Intensive,33.43,+,-,-,Reinvestor
SUNPHARMA,Mar 2023,-2261.0,0.58,Moderate,16.45,Capital Intensive,-19.41,+,-,+,Growth Funded by Debt
SUNPHARMA,Mar 2024,11372.0,1.26,High Quality,1.57,Asset Light,87.36,+,-,-,Reinvestor
TATACONSUM,Mar 2013,197.0,0.39,Accrual Risk,0.33,Asset Light,25.58,+,+,+,Cash Accumulator
TATACONSUM,Mar 2014,421.0,0.83,Moderate,0.01,Asset Light,55.98,+,-,-,Reinvestor
TATACONSUM,Mar 2015,211.0,1.53,High Quality,2.59,Asset Light,26.64,+,-,-,Reinvestor
TATACONSUM,Mar 2016,261.0,-3.14,Accrual Risk,2.18,Asset Light,71.31,+,+,-,Liquidating Assets
TATACONSUM,Mar 2017,886.0,1.63,High Quality,2.14,Asset Light,112.01,+,+,-,Liquidating Assets
TATACONSUM,Mar 2018,325.0,0.64,Moderate,0.45,Asset Light,38.74,+,-,-,Reinvestor
TATACONSUM,Mar 2019,263.0,0.46,Accrual Risk,0.73,Asset Light,33.46,+,+,-,Liquidating Assets
TATACONSUM,Mar 2020,460.0,2.35,High Quality,6.45,Moderate,35.6,+,-,-,Reinvestor
TATACONSUM,Mar 2021,1310.0,1.78,High Quality,2.98,Asset Light,84.84,+,-,-,Reinvestor
TATACONSUM,Mar 2022,199.0,1.49,High Quality,10.6,Capital Intensive,11.58,+,-,-,Reinvestor
TATACONSUM,Mar 2023,627.0,1.11,High Quality,6.05,Moderate,33.78,+,-,-,Reinvestor
TATACONSUM,Mar 2024,26.0,1.59,High Quality,12.57,Capital Intensive,1.14,+,-,+,Growth Funded by Debt
TATAMOTORS,Mar 2013,-806.0,2.22,High Quality,12.17,Capital Intensive,-3.28,+,-,-,Reinvestor
TATAMOTORS,Mar 2014,8160.0,2.57,High Quality,12.02,Capital Intensive,23.41,+,-,-,Reinvestor
TATAMOTORS,Mar 2015,-701.0,2.52,High Quality,13.77,Capital Intensive,-1.79,+,-,+,Growth Funded by Debt
TATAMOTORS,Mar 2016,1206.0,3.25,High Quality,13.44,Capital Intensive,3.14,+,-,-,Reinvestor
TATAMOTORS,Mar 2017,-9372.0,4.0,High Quality,14.67,Capital Intensive,-31.67,+,-,+,Growth Funded by Debt
TATAMOTORS,Mar 2018,-1282.0,2.62,High Quality,8.62,Capital Intensive,-4.08,+,-,+,Growth Funded by Debt
TATAMOTORS,Mar 2019,-1987.0,-0.66,Accrual Risk,6.91,Moderate,-8.06,+,-,+,Growth Funded by Debt
TATAMOTORS,Mar 2020,-6482.0,-2.22,Accrual Risk,12.68,Capital Intensive,-36.04,+,-,+,Growth Funded by Debt
TATAMOTORS,Mar 2021,3329.0,-2.17,Accrual Risk,10.28,Capital Intensive,10.31,+,-,+,Growth Funded by Debt
TATAMOTORS,Mar 2022,9839.0,-1.26,Accrual Risk,1.6,Asset Light,39.8,+,-,-,Reinvestor
TATAMOTORS,Mar 2023,19971.0,13.16,High Quality,4.46,Moderate,62.77,+,-,-,Reinvestor
TATAMOTORS,Mar 2024,45133.0,2.14,High Quality,5.2,Moderate,75.81,+,-,-,Reinvestor
TATAPOWER,Mar 2013,-740.0,26.72,High Quality,12.13,Capital Intensive,-13.23,+,-,-,Reinvestor
TATAPOWER,Mar 2014,2874.0,540.25,High Quality,10.1,Capital Intensive,41.56,+,-,-,Reinvestor
TATAPOWER,Mar 2015,2116.0,13.09,High Quality,11.51,Capital Intensive,33.58,+,-,-,Reinvestor
TATAPOWER,Mar 2016,5610.0,9.43,High Quality,6.12,Moderate,266.51,+,-,-,Reinvestor
TATAPOWER,Mar 2017,-359.0,6.38,High Quality,26.73,Capital Intensive,-6.56,+,-,+,Growth Funded by Debt
TATAPOWER,Mar 2018,4852.0,2.44,High Quality,5.63,Moderate,211.42,+,-,-,Reinvestor
TATAPOWER,Mar 2019,4302.0,1.76,High Quality,0.91,Asset Light,140.13,+,-,-,Reinvestor
TATAPOWER,Mar 2020,6882.0,5.6,High Quality,1.69,Asset Light,101.13,+,-,-,Reinvestor
TATAPOWER,Mar 2021,9338.0,5.8,High Quality,3.04,Moderate,134.92,+,+,-,Liquidating Assets
TATAPOWER,Mar 2022,443.0,3.1,High Quality,14.6,Capital Intensive,6.3,+,-,-,Reinvestor
TATAPOWER,Mar 2023,-97.0,1.88,High Quality,13.18,Capital Intensive,-1.26,+,-,+,Growth Funded by Debt
TATAPOWER,Mar 2024,3569.0,2.94,High Quality,14.69,Capital Intensive,33.25,+,-,-,Reinvestor
TATASTEEL,Mar 2013,936.0,-1.93,Accrual Risk,9.72,Capital Intensive,23.61,+,-,-,Reinvestor
TATASTEEL,Mar 2014,-2232.0,3.59,High Quality,10.35,Capital Intensive,-13.79,+,-,+,Growth Funded by Debt
TATASTEEL,Mar 2015,2859.0,-3.02,Accrual Risk,6.47,Moderate,83.87,+,-,-,Reinvestor
TATASTEEL,Mar 2016,2661.0,-23.05,Accrual Risk,8.62,Capital Intensive,-425.76,+,-,-,Reinvestor
TATASTEEL,Mar 2017,1334.0,-2.6,Accrual Risk,8.45,Capital Intensive,10.15,+,-,-,Reinvestor
TATASTEEL,Mar 2018,-3707.0,0.45,Accrual Risk,9.52,Capital Intensive,-17.3,+,-,+,Growth Funded by Debt
TATASTEEL,Mar 2019,-3840.0,2.78,High Quality,18.5,Capital Intensive,-13.1,+,-,-,Reinvestor
TATASTEEL,Mar 2020,6157.0,17.18,High Quality,10.02,Capital Intensive,35.26,+,-,-,Reinvestor
TATASTEEL,Mar 2021,34890.0,5.41,High Quality,6.04,Moderate,114.38,+,-,-,Reinvestor
TATASTEEL,Mar 2022,33476.0,1.06,High Quality,4.47,Moderate,52.73,+,-,-,Reinvestor
TATASTEEL,Mar 2023,3504.0,2.69,High Quality,7.47,Moderate,10.85,+,-,-,Reinvestor
TATASTEEL,Mar 2024,6048.0,-4.13,Accrual Risk,6.22,Moderate,27.18,+,-,-,Reinvestor
TCS,Mar 2013,5577.0,0.83,Moderate,9.59,Capital Intensive,30.91,+,-,-,Reinvestor
TCS,Mar 2014,5299.0,0.76,Moderate,11.55,Capital Intensive,21.07,+,-,-,Reinvestor
TCS,Mar 2015,17562.0,0.97,Moderate,1.91,Asset Light,71.73,+,-,-,Reinvestor
TCS,Mar 2016,14099.0,0.79,Moderate,4.61,Moderate,45.96,+,-,-,Reinvestor
TCS,Mar 2017,8328.0,0.96,Moderate,14.32,Capital Intensive,25.77,+,-,-,Reinvestor
TCS,Mar 2018,28171.0,0.97,Moderate,2.52,Asset Light,86.64,+,+,-,Liquidating Assets
TCS,Mar 2019,30238.0,0.91,Moderate,1.12,Asset Light,76.54,+,+,-,Liquidating Assets
TCS,Mar 2020,41337.0,1.0,High Quality,5.71,Moderate,98.17,+,+,-,Liquidating Assets
TCS,Mar 2021,30846.0,1.19,High Quality,4.85,Moderate,66.27,+,-,-,Reinvestor
TCS,Mar 2022,39211.0,1.04,High Quality,0.38,Asset Light,73.9,+,-,-,Reinvestor
TCS,Mar 2023,42513.0,0.99,Moderate,0.24,Asset Light,71.74,+,+,-,Liquidating Assets
TCS,Mar 2024,50429.0,0.96,Moderate,2.53,Asset Light,78.43,+,+,-,Liquidating Assets
TECHM,Mar 2013,233.0,0.65,Moderate,9.05,Capital Intensive,16.39,+,-,+,Growth Funded by Debt
TECHM,Mar 2014,1887.0,0.52,Moderate,1.55,Asset Light,45.23,+,+,-,Liquidating Assets
TECHM,Mar 2015,583.0,0.92,Moderate,8.24,Capital Intensive,13.9,+,-,-,Reinvestor
TECHM,Mar 2016,1684.0,1.04,High Quality,5.48,Moderate,39.53,+,-,-,Reinvestor
TECHM,Mar 2017,1178.0,1.43,High Quality,9.93,Capital Intensive,28.15,+,-,-,Reinvestor
TECHM,Mar 2018,235.0,0.94,Moderate,10.79,Capital Intensive,4.99,+,-,-,Reinvestor
TECHM,Mar 2019,2328.0,1.03,High Quality,6.06,Moderate,37.12,+,-,-,Reinvestor
TECHM,Mar 2020,5439.0,1.12,High Quality,2.93,Asset Light,98.84,+,+,-,Liquidating Assets
TECHM,Mar 2021,2661.0,1.86,High Quality,14.35,Capital Intensive,39.16,+,-,-,Reinvestor
TECHM,Mar 2022,5765.0,0.94,Moderate,1.08,Asset Light,71.88,+,+,-,Liquidating Assets
TECHM,Mar 2023,5346.0,1.15,High Quality,0.42,Asset Light,68.87,+,-,-,Reinvestor
TECHM,Mar 2024,5058.0,2.66,High Quality,2.53,Asset Light,112.25,+,-,-,Reinvestor
TITAN,Mar 2013,411.0,0.76,Moderate,1.4,Asset Light,40.53,+,-,-,Reinvestor
TITAN,Mar 2014,-826.0,-0.76,Accrual Risk,2.48,Asset Light,-78.89,-,-,+,Mixed
TITAN,Mar 2015,385.0,0.62,Moderate,0.99,Asset Light,33.39,+,-,-,Reinvestor
TITAN,Mar 2016,417.0,0.85,Moderate,1.41,Asset Light,44.41,+,-,-,Reinvestor
TITAN,Mar 2017,759.0,2.46,High Quality,7.19,Moderate,65.21,+,-,-,Reinvestor
TITAN,Mar 2018,47.0,-0.05,Accrual Risk,0.61,Asset Light,2.86,-,+,-,Mixed
TITAN,Mar 2019,446.0,0.89,Moderate,4.03,Moderate,22.37,+,-,-,Reinvestor
TITAN,Mar 2020,-113.0,-0.23,Accrual Risk,1.12,Asset Light,-4.59,-,+,-,Mixed
TITAN,Mar 2021,1340.0,4.25,High Quality,12.93,Capital Intensive,77.68,+,-,-,Reinvestor
TITAN,Mar 2022,441.0,-0.33,Accrual Risk,4.05,Moderate,13.19,-,+,-,Mixed
TITAN,Mar 2023,-444.0,0.42,Accrual Risk,4.47,Moderate,-9.09,+,-,+,Growth Funded by Debt
TITAN,Mar 2024,1506.0,0.48,Accrual Risk,0.37,Asset Light,28.46,+,-,-,Reinvestor
TORNTPHARM,Mar 2013,-94.0,0.35,Accrual Risk,7.71,Moderate,-13.49,+,-,+,Growth Funded by Debt
TORNTPHARM,Mar 2014,181.0,0.9,Moderate,10.02,Capital Intensive,18.95,+,-,+,Growth Funded by Debt
TORNTPHARM,Mar 2015,-1303.0,1.08,High Quality,45.58,Capital Intensive,-127.75,+,-,+,Growth Funded by Debt
TORNTPHARM,Mar 2016,1873.0,1.58,High Quality,13.0,Capital Intensive,68.53,+,-,-,Reinvestor
TORNTPHARM,Mar 2017,211.0,1.08,High Quality,13.72,Capital Intensive,15.32,+,-,-,Reinvestor
TORNTPHARM,Mar 2018,-3783.0,1.32,High Quality,78.61,Capital Intensive,-280.43,+,-,+,Growth Funded by Debt
TORNTPHARM,Mar 2019,1552.0,4.12,High Quality,3.21,Moderate,78.27,+,-,-,Reinvestor
TORNTPHARM,Mar 2020,1622.0,1.36,High Quality,2.88,Asset Light,74.75,+,+,-,Liquidating Assets
TORNTPHARM,Mar 2021,1561.0,1.6,High Quality,5.55,Moderate,62.94,+,-,-,Reinvestor
TORNTPHARM,Mar 2022,1607.0,2.32,High Quality,2.3,Asset Light,66.1,+,-,-,Reinvestor
TORNTPHARM,Mar 2023,33.0,1.9,High Quality,24.27,Capital Intensive,1.16,+,-,+,Growth Funded by Debt
TORNTPHARM,Mar 2024,3106.0,1.97,High Quality,1.49,Asset Light,92.22,+,-,-,Reinvestor
TRENT,Mar 2013,-245.0,-1.15,Accrual Risk,12.95,Capital Intensive,-4900.0,+,-,+,Growth Funded by Debt
TRENT,Mar 2014,-94.0,2.42,High Quality,2.06,Asset Light,940.0,-,-,-,Pre-Revenue
TRENT,Mar 2015,-316.0,-0.08,Accrual Risk,13.4,Capital Intensive,-359.09,-,-,+,Mixed
TRENT,Mar 2016,11.0,1.98,High Quality,5.81,Moderate,12.22,+,-,-,Reinvestor
TRENT,Mar 2017,58.0,1.2,High Quality,2.43,Asset Light,43.28,+,-,-,Reinvestor
TRENT,Mar 2018,73.0,0.89,Moderate,0.19,Asset Light,35.1,+,-,-,Reinvestor
TRENT,Mar 2019,-16.0,0.22,Accrual Risk,1.41,Asset Light,-6.64,+,-,+,Growth Funded by Debt
TRENT,Mar 2020,-448.0,3.41,High Quality,23.21,Capital Intensive,-84.69,+,-,+,Growth Funded by Debt
TRENT,Mar 2021,303.0,-1.57,Accrual Risk,0.69,Asset Light,265.79,+,+,-,Liquidating Assets
TRENT,Mar 2022,114.0,1.66,High Quality,1.24,Asset Light,19.16,+,+,-,Liquidating Assets
TRENT,Mar 2023,492.0,1.51,High Quality,1.25,Asset Light,44.17,+,-,-,Reinvestor
TRENT,Mar 2024,841.0,0.91,Moderate,4.11,Moderate,42.67,+,-,-,Reinvestor
TVSMOTOR,Mar 2013,344.0,2.34,High Quality,1.6,Asset Light,78.54,+,-,-,Reinvestor
TVSMOTOR,Mar 2014,235.0,2.51,High Quality,2.8,Asset Light,47.76,+,-,-,Reinvestor
TVSMOTOR,Mar 2015,-332.0,0.25,Accrual Risk,4.05,Moderate,-54.88,+,-,+,Growth Funded by Debt
TVSMOTOR,Mar 2016,331.0,2.18,High Quality,5.32,Moderate,40.42,+,-,-,Reinvestor
TVSMOTOR,Mar 2017,-20.0,1.35,High Quality,5.69,Moderate,-2.3,+,-,-,Reinvestor
TVSMOTOR,Mar 2018,-741.0,0.53,Moderate,6.7,Moderate,-47.17,+,-,+,Growth Funded by Debt
TVSMOTOR,Mar 2019,-2022.0,-1.27,Accrual Risk,5.48,Moderate,-93.48,-,-,+,Mixed
TVSMOTOR,Mar 2020,-717.0,0.58,Moderate,5.78,Moderate,-31.67,+,-,+,Growth Funded by Debt
TVSMOTOR,Mar 2021,269.0,1.89,High Quality,4.54,Moderate,12.05,+,-,+,Growth Funded by Debt
TVSMOTOR,Mar 2022,-3046.0,-2.15,Accrual Risk,6.04,Moderate,-110.56,-,-,+,Mixed
TVSMOTOR,Mar 2023,-5713.0,-3.37,Accrual Risk,4.09,Moderate,-141.87,-,-,+,Mixed
TVSMOTOR,Mar 2024,-2254.0,-0.7,Accrual Risk,2.56,Asset Light,-40.98,-,-,+,Mixed
ULTRACEMCO,Mar 2013,-744.0,1.35,High Quality,21.26,Capital Intensive,-15.38,+,-,+,Growth Funded by Debt
ULTRACEMCO,Mar 2014,1113.0,1.56,High Quality,11.3,Capital Intensive,27.58,+,-,-,Reinvestor
ULTRACEMCO,Mar 2015,2046.0,1.99,High Quality,9.2,Capital Intensive,46.24,+,-,-,Reinvestor
ULTRACEMCO,Mar 2016,853.0,1.82,High Quality,14.6,Capital Intensive,17.4,+,-,-,Reinvestor
ULTRACEMCO,Mar 2017,2504.0,1.84,High Quality,9.86,Capital Intensive,48.04,+,-,-,Reinvestor
ULTRACEMCO,Mar 2018,5754.0,1.75,High Quality,6.02,Moderate,93.64,+,+,-,Liquidating Assets
ULTRACEMCO,Mar 2019,7121.0,2.48,High Quality,2.81,Asset Light,96.92,+,+,-,Liquidating Assets
ULTRACEMCO,Mar 2020,4780.0,1.56,High Quality,9.88,Capital Intensive,51.7,+,-,-,Reinvestor
ULTRACEMCO,Mar 2021,3644.0,2.29,High Quality,19.8,Capital Intensive,31.5,+,-,-,Reinvestor
ULTRACEMCO,Mar 2022,11540.0,1.27,High Quality,4.29,Moderate,100.23,+,+,-,Liquidating Assets
ULTRACEMCO,Mar 2023,1881.0,1.79,High Quality,11.37,Capital Intensive,17.71,+,-,-,Reinvestor
ULTRACEMCO,Mar 2024,2109.0,1.56,High Quality,12.39,Capital Intensive,16.26,+,-,-,Reinvestor
UNIONBANK,Mar 2013,-4588.0,-1.98,Accrual Risk,1.36,Asset Light,-1411.69,-,-,+,Mixed
UNIONBANK,Mar 2014,2207.0,1.52,High Quality,1.23,Asset Light,-244.68,+,-,+,Growth Funded by Debt
UNIONBANK,Mar 2015,-3885.0,-2.01,Accrual Risk,0.99,Asset Light,399.28,-,-,+,Mixed
UNIONBANK,Mar 2016,72.0,0.06,Accrual Risk,0.03,Asset Light,-3.73,+,-,-,Reinvestor
UNIONBANK,Mar 2017,-6904.0,-11.56,Accrual Risk,0.85,Asset Light,142.94,-,-,+,Mixed
UNIONBANK,Mar 2018,5782.0,-1.17,Accrual Risk,0.96,Asset Light,-49.42,+,-,+,Growth Funded by Debt
UNIONBANK,Mar 2019,-8075.0,2.66,High Quality,0.87,Asset Light,93.88,-,-,+,Mixed
UNIONBANK,Mar 2020,-81.0,0.02,Accrual Risk,0.01,Asset Light,0.85,-,-,+,Mixed
UNIONBANK,Mar 2021,19926.0,7.17,High Quality,0.87,Asset Light,-179.98,+,-,-,Reinvestor
UNIONBANK,Mar 2022,35781.0,6.9,High Quality,0.82,Asset Light,-849.3,+,-,-,Reinvestor
UNIONBANK,Mar 2023,3495.0,0.71,Moderate,3.16,Moderate,-115.58,+,-,-,Reinvestor
UNIONBANK,Mar 2024,18536.0,1.44,High Quality,1.39,Asset Light,403.83,+,-,-,Reinvestor
UNITDSPR,Mar 2013,848.0,-18.75,Accrual Risk,10.8,Capital Intensive,77.73,+,-,-,Reinvestor
UNITDSPR,Mar 2014,-804.0,0.12,Accrual Risk,2.4,Asset Light,23.87,-,-,+,Mixed
UNITDSPR,Mar 2015,3659.0,0.12,Accrual Risk,41.66,Capital Intensive,-999.73,-,+,-,Mixed
UNITDSPR,Mar 2016,1016.0,1.98,High Quality,8.63,Capital Intensive,305.11,+,+,-,Liquidating Assets
UNITDSPR,Mar 2017,420.0,6.96,High Quality,2.57,Asset Light,42.38,+,-,-,Reinvestor
UNITDSPR,Mar 2018,1029.0,1.42,High Quality,1.21,Asset Light,85.11,+,+,-,Liquidating Assets
UNITDSPR,Mar 2019,882.0,1.39,High Quality,0.71,Asset Light,63.27,+,-,-,Reinvestor
UNITDSPR,Mar 2020,589.0,1.26,High Quality,2.08,Asset Light,37.54,+,-,-,Reinvestor
UNITDSPR,Mar 2021,1719.0,5.02,High Quality,1.22,Asset Light,163.56,+,-,-,Reinvestor
UNITDSPR,Mar 2022,664.0,1.2,High Quality,3.22,Moderate,41.63,+,-,-,Reinvestor
UNITDSPR,Mar 2023,560.0,0.55,Moderate,0.52,Asset Light,39.52,+,-,-,Reinvestor
UNITDSPR,Mar 2024,1344.0,0.79,Moderate,2.0,Asset Light,67.2,+,+,-,Liquidating Assets
VBL,Dec 2012,-227.0,11.2,High Quality,28.17,Capital Intensive,-99.56,+,-,+,Growth Funded by Debt
VBL,Dec 2013,-277.0,-7.42,Accrual Risk,27.14,Capital Intensive,-95.19,+,-,+,Growth Funded by Debt
VBL,Dec 2014,-69.0,-21.55,Accrual Risk,19.98,Capital Intensive,-17.83,+,-,+,Growth Funded by Debt
VBL,Dec 2015,255.0,4.91,High Quality,8.84,Capital Intensive,39.72,+,-,-,Reinvestor
VBL,Dec 2016,-222.0,17.21,High Quality,27.14,Capital Intensive,-27.41,+,-,+,Growth Funded by Debt
VBL,Dec 2017,-126.0,2.9,High Quality,18.63,Capital Intensive,-15.04,+,-,+,Growth Funded by Debt
VBL,Dec 2018,63.0,3.33,High Quality,18.35,Capital Intensive,6.08,+,-,-,Reinvestor
VBL,Dec 2019,-1012.0,2.77,High Quality,32.54,Capital Intensive,-69.22,+,-,+,Growth Funded by Debt
VBL,Dec 2020,540.0,2.83,High Quality,7.32,Moderate,44.44,+,-,-,Reinvestor
VBL,Dec 2021,223.0,1.65,High Quality,11.42,Capital Intensive,13.16,+,-,-,Reinvestor
VBL,Dec 2022,21.0,1.15,High Quality,13.43,Capital Intensive,0.73,+,-,-,Reinvestor
VBL,Dec 2023,-897.0,1.14,High Quality,20.49,Capital Intensive,-24.13,+,-,+,Growth Funded by Debt
VEDL,Mar 2013,-289.0,0.01,Accrual Risk,11.31,Capital Intensive,-62.15,+,-,+,Growth Funded by Debt
VEDL,Mar 2014,12711.0,1.37,High Quality,4.37,Moderate,64.87,+,-,-,Reinvestor
VEDL,Mar 2015,13672.0,-1.57,Accrual Risk,5.61,Moderate,61.83,+,-,-,Reinvestor
VEDL,Mar 2016,12509.0,-1.14,Accrual Risk,12.24,Capital Intensive,-67.69,+,-,-,Reinvestor
VEDL,Mar 2017,20764.0,1.6,High Quality,3.71,Moderate,97.14,+,+,-,Liquidating Assets
VEDL,Mar 2018,32846.0,1.27,High Quality,16.85,Capital Intensive,132.03,+,+,-,Liquidating Assets
VEDL,Mar 2019,13160.0,2.45,High Quality,11.51,Capital Intensive,56.8,+,-,-,Reinvestor
VEDL,Mar 2020,13375.0,-4.07,Accrual Risk,7.02,Moderate,64.48,+,-,-,Reinvestor
VEDL,Mar 2021,17302.0,1.6,High Quality,7.59,Moderate,63.34,+,-,-,Reinvestor
VEDL,Mar 2022,32720.0,1.47,High Quality,1.69,Asset Light,73.0,+,-,-,Reinvestor
VEDL,Mar 2023,32397.0,2.28,High Quality,0.45,Asset Light,94.09,+,-,-,Reinvestor
VEDL,Mar 2024,21978.0,4.73,High Quality,9.52,Capital Intensive,62.24,+,-,-,Reinvestor
WIPRO,Mar 2013,1858.0,1.03,High Quality,12.12,Capital Intensive,24.27,+,-,-,Reinvestor
WIPRO,Mar 2014,6506.0,0.85,Moderate,0.65,Asset Light,67.52,+,-,-,Reinvestor
WIPRO,Mar 2015,5303.0,0.9,Moderate,5.4,Moderate,51.49,+,-,-,Reinvestor
WIPRO,Mar 2016,-5874.0,0.88,Moderate,26.85,Capital Intensive,-54.41,+,-,-,Reinvestor
WIPRO,Mar 2017,-2493.0,1.09,High Quality,21.23,Capital Intensive,-22.02,+,-,-,Reinvestor
WIPRO,Mar 2018,12018.0,1.05,High Quality,6.6,Moderate,115.7,+,+,-,Liquidating Assets
WIPRO,Mar 2019,16697.0,1.29,High Quality,8.58,Capital Intensive,143.78,+,+,-,Liquidating Assets
WIPRO,Mar 2020,13657.0,1.03,High Quality,5.88,Moderate,110.65,+,+,-,Liquidating Assets
WIPRO,Mar 2021,15440.0,1.36,High Quality,1.11,Asset Light,104.53,+,+,-,Liquidating Assets
WIPRO,Mar 2022,-11241.0,0.91,Moderate,28.14,Capital Intensive,-67.38,+,-,+,Growth Funded by Debt
WIPRO,Mar 2023,4891.0,1.15,High Quality,9.03,Capital Intensive,29.05,+,-,-,Reinvestor
WIPRO,Mar 2024,18766.0,1.59,High Quality,1.27,Asset Light,112.02,+,+,-,Liquidating Assets
ZOMATO,Mar 2020,-404.0,0.9,Moderate,66.79,Capital Intensive,17.53,-,+,+,Distress Signal
ZOMATO,Mar 2021,-6263.0,1.25,High Quality,263.04,Capital Intensive,1341.11,-,-,+,Mixed
ZOMATO,Mar 2022,-8664.0,0.57,Moderate,190.15,Capital Intensive,468.07,-,-,+,Mixed
ZOMATO,Mar 2023,-47.0,0.87,Moderate,11.26,Capital Intensive,3.88,-,+,-,Mixed
ZOMATO,Mar 2024,298.0,1.84,High Quality,2.87,Asset Light,693.02,+,-,-,Reinvestor
ZYDUSLIFE,Mar 2013,-79.0,0.87,Moderate,10.73,Capital Intensive,-6.99,+,-,+,Growth Funded by Debt
ZYDUSLIFE,Mar 2014,465.0,1.08,High Quality,6.06,Moderate,38.65,+,-,-,Reinvestor
ZYDUSLIFE,Mar 2015,529.0,0.84,Moderate,5.38,Moderate,30.13,+,-,-,Reinvestor
ZYDUSLIFE,Mar 2016,1034.0,0.96,Moderate,9.12,Capital Intensive,44.34,+,-,-,Reinvestor
ZYDUSLIFE,Mar 2017,-1560.0,0.86,Moderate,30.63,Capital Intensive,-82.02,+,-,+,Growth Funded by Debt
ZYDUSLIFE,Mar 2018,-55.0,0.51,Moderate,8.18,Capital Intensive,-1.94,+,-,+,Growth Funded by Debt
ZYDUSLIFE,Mar 2019,-2695.0,0.68,Moderate,30.21,Capital Intensive,-90.1,+,-,+,Growth Funded by Debt
ZYDUSLIFE,Mar 2020,1928.0,2.44,High Quality,7.04,Moderate,68.91,+,-,-,Reinvestor
ZYDUSLIFE,Mar 2021,2457.0,1.51,High Quality,5.81,Moderate,72.46,+,-,-,Reinvestor
ZYDUSLIFE,Mar 2022,1086.0,0.46,Accrual Risk,6.74,Moderate,32.5,+,-,-,Reinvestor
ZYDUSLIFE,Mar 2023,4231.0,1.29,High Quality,8.95,Capital Intensive,109.61,+,+,-,Liquidating Assets
ZYDUSLIFE,Mar 2024,1736.0,0.81,Moderate,7.63,Moderate,32.24,+,-,-,Reinvestor
INDIGO,Mar 2013,-149.0,2.21,High Quality,20.54,Capital Intensive,-1.78,+,-,+,Growth Funded by Debt
INDIGO,Mar 2014,-1319.0,3.36,High Quality,26.21,Capital Intensive,-12.35,+,-,+,Growth Funded by Debt
INDIGO,Mar 2015,1444.0,1.83,High Quality,6.75,Moderate,12.01,+,-,-,Reinvestor
INDIGO,Mar 2016,1779.0,1.57,High Quality,8.28,Capital Intensive,13.71,+,-,-,Reinvestor
INDIGO,Mar 2017,749.0,2.28,High Quality,16.32,Capital Intensive,4.58,+,-,-,Reinvestor
INDIGO,Mar 2018,-249.0,1.74,High Quality,18.04,Capital Intensive,-1.25,+,-,+,Growth Funded by Debt
INDIGO,Mar 2019,634.0,20.26,High Quality,8.86,Capital Intensive,2.21,+,-,-,Reinvestor
INDIGO,Mar 2020,2370.0,-28.0,Accrual Risk,12.79,Capital Intensive,7.48,+,-,-,Reinvestor
INDIGO,Mar 2021,1608.0,0.26,Accrual Risk,22.05,Capital Intensive,10.99,-,+,-,Mixed
INDIGO,Mar 2022,3591.0,-6.51,Accrual Risk,5.89,Moderate,14.15,+,+,-,Liquidating Assets
INDIGO,Mar 2023,8664.0,-40.07,Accrual Risk,7.42,Moderate,18.08,+,-,-,Reinvestor
INDIGO,Mar 2024,9424.0,2.59,High Quality,17.07,Capital Intensive,17.93,+,-,-,Reinvestor
